{
  "id": "ec7da562-7e21-4dac-a0d2-f4441e1efd3b",
  "revision": 0,
  "last_node_id": 135,
  "last_link_id": 237,
  "nodes": [
    {
      "id": 117,
      "type": "LoadImage",
      "pos": [
        83.9796142578125,
        -84.27986907958984
      ],
      "size": [
        270,
        314
      ],
      "flags": {},
      "order": 0,
      "mode": 4,
      "inputs": [
        {
          "label": "image",
          "name": "image",
          "type": "COMBO",
          "widget": {
            "name": "image"
          }
        },
        {
          "label": "upload",
          "name": "upload",
          "type": "IMAGEUPLOAD",
          "widget": {
            "name": "upload"
          }
        }
      ],
      "outputs": [
        {
          "label": "IMAGE",
          "name": "IMAGE",
          "type": "IMAGE",
          "links": [
            231
          ]
        },
        {
          "label": "MASK",
          "name": "MASK",
          "type": "MASK"
        }
      ],
      "properties": {
        "cnr_id": "comfy-core",
        "ver": "0.3.60",
        "Node name for S&R": "LoadImage",
        "ue_properties": {
          "widget_ue_connectable": {
            "image": true,
            "upload": true
          },
          "version": "7.0.1"
        },
        "widget_ue_connectable": {},
        "ttNbgOverride": {
          "bgcolor": "#533",
          "groupcolor": "#A88",
          "color": "#322"
        }
      },
      "widgets_values": [
        "006eKx1ely1htrt0etbryj32c0340qv8.jpg",
        "image"
      ],
      "color": "#322",
      "bgcolor": "#533"
    },
    {
      "id": 119,
      "type": "easy showAnything",
      "pos": [
        1439.3201904296875,
        97.10368347167969
      ],
      "size": [
        430.02789306640625,
        229.0285186767578
      ],
      "flags": {},
      "order": 8,
      "mode": 0,
      "inputs": [
        {
          "label": "anything",
          "name": "anything",
          "shape": 7,
          "type": "*",
          "link": 234
        }
      ],
      "outputs": [
        {
          "label": "output",
          "name": "output",
          "type": "*"
        }
      ],
      "properties": {
        "cnr_id": "comfyui-easy-use",
        "ver": "11794f7d718dc38dded09e677817add796ce0234",
        "Node name for S&R": "easy showAnything",
        "ue_properties": {
          "widget_ue_connectable": {},
          "version": "7.0.1"
        },
        "widget_ue_connectable": {},
        "ttNbgOverride": {
          "bgcolor": "#533",
          "groupcolor": "#A88",
          "color": "#322"
        }
      },
      "widgets_values": [
        "https://filesystem.site/cdn/20251018/530f2619604bb82784e80229723eb5.mp4"
      ],
      "color": "#322",
      "bgcolor": "#533"
    },
    {
      "id": 124,
      "type": "SaveVideo",
      "pos": [
        1308.8724365234375,
        -259.9503479003906
      ],
      "size": [
        389.4542236328125,
        320.5452575683594
      ],
      "flags": {},
      "order": 7,
      "mode": 0,
      "inputs": [
        {
          "label": "video",
          "name": "video",
          "type": "VIDEO",
          "link": 233
        },
        {
          "label": "filename_prefix",
          "name": "filename_prefix",
          "type": "STRING",
          "widget": {
            "name": "filename_prefix"
          }
        },
        {
          "label": "format",
          "name": "format",
          "type": "COMBO",
          "widget": {
            "name": "format"
          }
        },
        {
          "label": "codec",
          "name": "codec",
          "type": "COMBO",
          "widget": {
            "name": "codec"
          }
        }
      ],
      "outputs": [],
      "properties": {
        "cnr_id": "comfy-core",
        "ver": "0.3.60",
        "Node name for S&R": "SaveVideo",
        "ue_properties": {
          "widget_ue_connectable": {
            "codec": true,
            "filename_prefix": true,
            "format": true
          },
          "version": "7.0.1"
        },
        "widget_ue_connectable": {},
        "ttNbgOverride": {
          "bgcolor": "#533",
          "groupcolor": "#A88",
          "color": "#322"
        }
      },
      "widgets_values": [
        "video/ComfyUI",
        "auto",
        "auto"
      ],
      "color": "#322",
      "bgcolor": "#533"
    },
    {
      "id": 120,
      "type": "easy showAnything",
      "pos": [
        1445.1058349609375,
        418.2161865234375
      ],
      "size": [
        210,
        88
      ],
      "flags": {},
      "order": 9,
      "mode": 0,
      "inputs": [
        {
          "label": "anything",
          "name": "anything",
          "shape": 7,
          "type": "*",
          "link": 235
        }
      ],
      "outputs": [
        {
          "label": "output",
          "name": "output",
          "type": "*"
        }
      ],
      "properties": {
        "cnr_id": "comfyui-easy-use",
        "ver": "11794f7d718dc38dded09e677817add796ce0234",
        "Node name for S&R": "easy showAnything",
        "ue_properties": {
          "widget_ue_connectable": {},
          "version": "7.0.1"
        },
        "widget_ue_connectable": {},
        "ttNbgOverride": {
          "bgcolor": "#533",
          "groupcolor": "#A88",
          "color": "#322"
        }
      },
      "widgets_values": [
        "{\"status\": \"success\", \"task_id\": \"sora-2-pro:task_01k7tp904aeaftzxxymm716ntz\", \"prompt\": \"\\u4e00\\u4e2a\\u7f8e\\u4e3d\\u7684\\u4e2d\\u56fd\\u5973\\u5b69\\uff0c\\u7a7f\\u8d8a\\u5230\\u4e2d\\u56fd\\u53e4\\u4ee3\\u5f53\\u738b\\u5983\\u7684\\u6545\\u4e8b\", \"model\": \"sora-2-pro\", \"aspect_ratio\": \"16:9\", \"duration\": \"15\", \"hd\": true, \"video_url\": \"https://filesystem.site/cdn/20251018/530f2619604bb82784e80229723eb5.mp4\"}"
      ],
      "color": "#322",
      "bgcolor": "#533"
    },
    {
      "id": 131,
      "type": "Note",
      "pos": [
        -223.0227813720703,
        329.6514587402344
      ],
      "size": [
        252.48471069335938,
        177.68634033203125
      ],
      "flags": {},
      "order": 1,
      "mode": 0,
      "inputs": [],
      "outputs": [],
      "properties": {
        "widget_ue_connectable": {}
      },
      "widgets_values": [
        "https://ai.t8star.cn/ 获取API地址\n国庆期间，每个视频仅收取0.01元人民币\n\n注册送0.2，每日签到也送\n\n基准价格0.1/10秒视频"
      ],
      "color": "#432",
      "bgcolor": "#653"
    },
    {
      "id": 133,
      "type": "CR Prompt Text",
      "pos": [
        99.17106628417969,
        306.2190246582031
      ],
      "size": [
        400,
        200
      ],
      "flags": {},
      "order": 2,
      "mode": 0,
      "inputs": [
        {
          "label": "prompt",
          "name": "prompt",
          "type": "STRING",
          "widget": {
            "name": "prompt"
          }
        }
      ],
      "outputs": [
        {
          "label": "prompt",
          "name": "prompt",
          "type": "STRING",
          "links": [
            236
          ]
        },
        {
          "label": "show_help",
          "name": "show_help",
          "type": "STRING"
        }
      ],
      "properties": {
        "cnr_id": "comfyroll",
        "ver": "d78b780ae43fcf8c6b7c6505e6ffb4584281ceca",
        "Node name for S&R": "CR Prompt Text",
        "ue_properties": {
          "widget_ue_connectable": {},
          "input_ue_unconnectable": {}
        },
        "widget_ue_connectable": {},
        "ttNbgOverride": {
          "bgcolor": "#533",
          "groupcolor": "#A88",
          "color": "#322"
        }
      },
      "widgets_values": [
        "一个美丽的中国女孩，穿越到中国古代当王妃的故事"
      ],
      "color": "#322",
      "bgcolor": "#533"
    },
    {
      "id": 129,
      "type": "Comfly_sora2",
      "pos": [
        644.1202392578125,
        41.40547561645508
      ],
      "size": [
        400,
        316
      ],
      "flags": {},
      "order": 6,
      "mode": 0,
      "inputs": [
        {
          "label": "image1",
          "name": "image1",
          "shape": 7,
          "type": "IMAGE",
          "link": 231
        },
        {
          "label": "image2",
          "name": "image2",
          "shape": 7,
          "type": "IMAGE"
        },
        {
          "label": "image3",
          "name": "image3",
          "shape": 7,
          "type": "IMAGE"
        },
        {
          "label": "image4",
          "name": "image4",
          "shape": 7,
          "type": "IMAGE"
        },
        {
          "label": "prompt",
          "name": "prompt",
          "type": "STRING",
          "widget": {
            "name": "prompt"
          },
          "link": 236
        },
        {
          "label": "model",
          "name": "model",
          "type": "COMBO",
          "widget": {
            "name": "model"
          }
        },
        {
          "label": "aspect_ratio",
          "name": "aspect_ratio",
          "type": "COMBO",
          "widget": {
            "name": "aspect_ratio"
          }
        },
        {
          "label": "duration",
          "name": "duration",
          "type": "COMBO",
          "widget": {
            "name": "duration"
          }
        },
        {
          "label": "hd",
          "name": "hd",
          "type": "BOOLEAN",
          "widget": {
            "name": "hd"
          }
        },
        {
          "label": "apikey",
          "name": "apikey",
          "type": "STRING",
          "widget": {
            "name": "apikey"
          },
          "link": 237
        },
        {
          "label": "seed",
          "name": "seed",
          "shape": 7,
          "type": "INT",
          "widget": {
            "name": "seed"
          }
        }
      ],
      "outputs": [
        {
          "label": "video",
          "name": "video",
          "type": "VIDEO",
          "links": [
            233
          ]
        },
        {
          "label": "video_url",
          "name": "video_url",
          "type": "STRING",
          "links": [
            234
          ]
        },
        {
          "label": "response",
          "name": "response",
          "type": "STRING",
          "links": [
            235
          ]
        }
      ],
      "properties": {
        "cnr_id": "Comfyui_Comfly",
        "ver": "c2e2b28a3804d396bc33bbe116f614d34d8f818f",
        "Node name for S&R": "Comfly_sora2",
        "aux_id": "ainewsto/Comfyui_Comfly_v2",
        "ue_properties": {
          "widget_ue_connectable": {},
          "input_ue_unconnectable": {}
        },
        "widget_ue_connectable": {
          "apikey": true
        },
        "ttNbgOverride": {
          "bgcolor": "#533",
          "groupcolor": "#A88",
          "color": "#322"
        }
      },
      "widgets_values": [
        "一个美丽的中国女孩，穿越到中国古代东汉末年赤壁大战的现场，拿着手机自拍杆做现场直播",
        "sora-2-pro",
        "16:9",
        "15",
        true,
        "",
        834672233,
        "randomize"
      ],
      "color": "#322",
      "bgcolor": "#533"
    },
    {
      "id": 134,
      "type": "Note",
      "pos": [
        663.4335327148438,
        448.72784423828125
      ],
      "size": [
        413.864501953125,
        199.27297973632812
      ],
      "flags": {},
      "order": 3,
      "mode": 0,
      "inputs": [],
      "outputs": [],
      "properties": {
        "widget_ue_connectable": {}
      },
      "widgets_values": [
        "目前模型分为sora-2和sora-2-pro版\n\nsora-2 偶发性出水印，价格基准0.1RMB，不支持HD，可选10S和15S，支持横版竖版\nsora-2 Pro，无水印，基准价格1.7RMB，10S和15S支持HD，25S不支持HD，支持横版竖版\n\n务必注意25S不要和HD同时开！\n\n25S 大概需要30分钟\n15S HD大概需要20分钟\n10S 非HD大概5分钟左右\n15S 非HD大概10分钟左右\n\n由于并发压力不同，以上时间仅供参考"
      ],
      "color": "#432",
      "bgcolor": "#653"
    },
    {
      "id": 135,
      "type": "Comfly_api_set",
      "pos": [
        137.43872333623824,
        597.3543835743133
      ],
      "size": [
        270,
        106
      ],
      "flags": {},
      "order": 4,
      "mode": 0,
      "inputs": [],
      "outputs": [
        {
          "name": "apikey",
          "type": "STRING",
          "links": [
            237
          ]
        }
      ],
      "properties": {
        "aux_id": "T8mars/Comfyui-zhenzhen",
        "ver": "adf9e0f39de29353810237fad96984456739fff3",
        "Node name for S&R": "Comfly_api_set"
      },
      "widgets_values": [
        "zhenzhen",
        "",
        ""
      ]
    },
    {
      "id": 132,
      "type": "Note",
      "pos": [
        -163.38353054437533,
        580.8532308284126
      ],
      "size": [
        252.48471069335938,
        177.68634033203125
      ],
      "flags": {},
      "order": 5,
      "mode": 0,
      "inputs": [],
      "outputs": [],
      "properties": {
        "widget_ue_connectable": {}
      },
      "widgets_values": [
        "APIKEY"
      ],
      "color": "#432",
      "bgcolor": "#653"
    }
  ],
  "links": [
    [
      231,
      117,
      0,
      129,
      0,
      "IMAGE"
    ],
    [
      233,
      129,
      0,
      124,
      0,
      "VIDEO"
    ],
    [
      234,
      129,
      1,
      119,
      0,
      "*"
    ],
    [
      235,
      129,
      2,
      120,
      0,
      "*"
    ],
    [
      236,
      133,
      0,
      129,
      4,
      "STRING"
    ],
    [
      237,
      135,
      0,
      129,
      9,
      "STRING"
    ]
  ],
  "groups": [
    {
      "id": 1,
      "title": "B站、Youtube:T8star-Aix",
      "bounding": [
        -89.79463195800781,
        -761.3221435546875,
        2990.461669921875,
        452.6882019042969
      ],
      "color": "#3f789e",
      "font_size": 240,
      "flags": {}
    }
  ],
  "config": {},
  "extra": {
    "ds": {
      "scale": 1.0610764609500043,
      "offset": [
        277.6599212633135,
        118.29401839395808
      ]
    },
    "frontendVersion": "1.28.7",
    "VHS_KeepIntermediate": true,
    "links_added_by_ue": [],
    "VHS_MetadataImage": true,
    "ue_links": [],
    "0246.VERSION": [
      0,
      0,
      4
    ],
    "VHS_latentpreviewrate": 0,
    "VHS_latentpreview": true
  },
  "version": 0.4
}