{
  "id": "b75f71b7-f4a2-48f1-9653-44cea7205105",
  "revision": 0,
  "last_node_id": 29,
  "last_link_id": 40,
  "nodes": [
    {
      "id": 6,
      "type": "Note",
      "pos": [
        650.8826904296875,
        1308.511962890625
      ],
      "size": [
        210,
        88
      ],
      "flags": {
        "pinned": true
      },
      "order": 0,
      "mode": 0,
      "inputs": [],
      "outputs": [],
      "properties": {
        "widget_ue_connectable": {}
      },
      "widgets_values": [
        "prompt"
      ],
      "color": "#432",
      "bgcolor": "#653"
    },
    {
      "id": 1,
      "type": "easy showAnything",
      "pos": [
        2231.587646484375,
        1333.4783935546875
      ],
      "size": [
        210,
        88
      ],
      "flags": {},
      "order": 15,
      "mode": 0,
      "inputs": [
        {
          "label": "anything",
          "name": "anything",
          "shape": 7,
          "type": "*",
          "link": 19
        }
      ],
      "outputs": [
        {
          "label": "output",
          "name": "output",
          "type": "*",
          "links": []
        }
      ],
      "properties": {
        "Node name for S&R": "easy showAnything",
        "cnr_id": "comfyui-easy-use",
        "ver": "a1b402b4a9c0ddd35c0ac1197579f8f7b121ff3e",
        "widget_ue_connectable": {},
        "ttNbgOverride": {
          "bgcolor": "#593930",
          "groupcolor": "#b06634",
          "color": "#332922"
        }
      },
      "widgets_values": [
        "https://bfldeliverysc.blob.core.windows.net/results/2025/11/30/ceb970ab3d5b409298e717b47223c3f5_sample.png?se=2025-11-30T12%3A49%3A52Z&sp=r&sv=2024-11-04&sr=b&rsct=image/png&sig=GcGH1ABzAtAKmPgHXc2ONAYJ9WgBjMeFUjQZUjJiu0U%3D"
      ],
      "color": "#332922",
      "bgcolor": "#593930"
    },
    {
      "id": 3,
      "type": "Note",
      "pos": [
        2218.424072265625,
        1145.5548095703125
      ],
      "size": [
        210,
        88
      ],
      "flags": {},
      "order": 1,
      "mode": 0,
      "inputs": [],
      "outputs": [],
      "properties": {
        "widget_ue_connectable": {}
      },
      "widgets_values": [
        "如果预览视频节点没出视频，可以再下面SHOWANYTHING那里，有地址"
      ],
      "color": "#432",
      "bgcolor": "#653"
    },
    {
      "id": 19,
      "type": "SaveImage",
      "pos": [
        2384.906982421875,
        1780.7032470703125
      ],
      "size": [
        270,
        270
      ],
      "flags": {},
      "order": 14,
      "mode": 0,
      "inputs": [
        {
          "label": "images",
          "name": "images",
          "type": "IMAGE",
          "link": 18
        },
        {
          "label": "filename_prefix",
          "name": "filename_prefix",
          "type": "STRING",
          "widget": {
            "name": "filename_prefix"
          }
        }
      ],
      "outputs": [],
      "properties": {
        "Node name for S&R": "SaveImage",
        "widget_ue_connectable": {}
      },
      "widgets_values": [
        "ComfyUI"
      ]
    },
    {
      "id": 21,
      "type": "JWInteger",
      "pos": [
        551.4378051757812,
        2010.5684814453125
      ],
      "size": [
        270,
        58
      ],
      "flags": {},
      "order": 2,
      "mode": 0,
      "inputs": [
        {
          "label": "value",
          "name": "value",
          "type": "INT",
          "widget": {
            "name": "value"
          }
        }
      ],
      "outputs": [
        {
          "label": "INT",
          "name": "INT",
          "type": "INT",
          "links": [
            24
          ]
        }
      ],
      "properties": {
        "Node name for S&R": "JWInteger",
        "widget_ue_connectable": {}
      },
      "widgets_values": [
        1920
      ]
    },
    {
      "id": 22,
      "type": "JWInteger",
      "pos": [
        558.3225708007812,
        2169.18603515625
      ],
      "size": [
        270,
        58
      ],
      "flags": {},
      "order": 3,
      "mode": 0,
      "inputs": [
        {
          "label": "value",
          "name": "value",
          "type": "INT",
          "widget": {
            "name": "value"
          }
        }
      ],
      "outputs": [
        {
          "label": "INT",
          "name": "INT",
          "type": "INT",
          "links": [
            25
          ]
        }
      ],
      "properties": {
        "Node name for S&R": "JWInteger",
        "widget_ue_connectable": {}
      },
      "widgets_values": [
        1080
      ]
    },
    {
      "id": 18,
      "type": "Comfly_Flux_2_Pro",
      "pos": [
        1630.946044921875,
        1684.5169677734375
      ],
      "size": [
        400,
        396
      ],
      "flags": {},
      "order": 12,
      "mode": 0,
      "inputs": [
        {
          "label": "input_image",
          "name": "input_image",
          "shape": 7,
          "type": "IMAGE",
          "link": 38
        },
        {
          "label": "input_image_2",
          "name": "input_image_2",
          "shape": 7,
          "type": "IMAGE",
          "link": 23
        },
        {
          "label": "input_image_3",
          "name": "input_image_3",
          "shape": 7,
          "type": "IMAGE",
          "link": 32
        },
        {
          "label": "input_image_4",
          "name": "input_image_4",
          "shape": 7,
          "type": "IMAGE"
        },
        {
          "label": "input_image_5",
          "name": "input_image_5",
          "shape": 7,
          "type": "IMAGE"
        },
        {
          "label": "input_image_6",
          "name": "input_image_6",
          "shape": 7,
          "type": "IMAGE"
        },
        {
          "label": "input_image_7",
          "name": "input_image_7",
          "shape": 7,
          "type": "IMAGE"
        },
        {
          "label": "input_image_8",
          "name": "input_image_8",
          "shape": 7,
          "type": "IMAGE"
        },
        {
          "label": "prompt",
          "name": "prompt",
          "type": "STRING",
          "widget": {
            "name": "prompt"
          },
          "link": 21
        },
        {
          "label": "api_key",
          "name": "api_key",
          "shape": 7,
          "type": "STRING",
          "widget": {
            "name": "api_key"
          },
          "link": 22
        },
        {
          "label": "seed",
          "name": "seed",
          "shape": 7,
          "type": "INT",
          "widget": {
            "name": "seed"
          }
        },
        {
          "label": "width",
          "name": "width",
          "shape": 7,
          "type": "INT",
          "widget": {
            "name": "width"
          },
          "link": 24
        },
        {
          "label": "height",
          "name": "height",
          "shape": 7,
          "type": "INT",
          "widget": {
            "name": "height"
          },
          "link": 25
        },
        {
          "label": "safety_tolerance",
          "name": "safety_tolerance",
          "shape": 7,
          "type": "INT",
          "widget": {
            "name": "safety_tolerance"
          }
        },
        {
          "label": "output_format",
          "name": "output_format",
          "shape": 7,
          "type": "COMBO",
          "widget": {
            "name": "output_format"
          }
        }
      ],
      "outputs": [
        {
          "label": "image",
          "name": "image",
          "type": "IMAGE",
          "links": [
            18,
            29
          ]
        },
        {
          "label": "image_url",
          "name": "image_url",
          "type": "STRING",
          "links": [
            19
          ]
        },
        {
          "label": "response",
          "name": "response",
          "type": "STRING",
          "links": [
            20
          ]
        }
      ],
      "properties": {
        "Node name for S&R": "Comfly_Flux_2_Pro",
        "widget_ue_connectable": {}
      },
      "widgets_values": [
        "",
        "",
        1429156530,
        "randomize",
        1280,
        720,
        2,
        "png"
      ]
    },
    {
      "id": 24,
      "type": "ImageConcanate",
      "pos": [
        2718.315185546875,
        2205.1650390625
      ],
      "size": [
        270,
        102
      ],
      "flags": {},
      "order": 17,
      "mode": 0,
      "inputs": [
        {
          "label": "image1",
          "name": "image1",
          "type": "IMAGE",
          "link": 36
        },
        {
          "label": "image2",
          "name": "image2",
          "type": "IMAGE",
          "link": 29
        },
        {
          "label": "direction",
          "name": "direction",
          "type": "COMBO",
          "widget": {
            "name": "direction"
          }
        },
        {
          "label": "match_image_size",
          "name": "match_image_size",
          "type": "BOOLEAN",
          "widget": {
            "name": "match_image_size"
          }
        }
      ],
      "outputs": [
        {
          "label": "IMAGE",
          "name": "IMAGE",
          "type": "IMAGE",
          "links": [
            30
          ]
        }
      ],
      "properties": {
        "Node name for S&R": "ImageConcanate",
        "widget_ue_connectable": {}
      },
      "widgets_values": [
        "right",
        true
      ]
    },
    {
      "id": 8,
      "type": "Note",
      "pos": [
        1552.0850830078125,
        1293.4110107421875
      ],
      "size": [
        548.9761352539062,
        298.6236267089844
      ],
      "flags": {},
      "order": 4,
      "mode": 0,
      "inputs": [],
      "outputs": [],
      "title": "价格计算方式",
      "properties": {
        "widget_ue_connectable": {}
      },
      "widgets_values": [
        "已经支持bfl/flux-2-pro模型，此模型按量付费，不同分辨率不同价格\n官方文档：\nhttps://docs.bfl.ai/api-reference/tasks/generate-or-edit-an-image-with-flux2-[pro]\n\n价格计算器：\nhttps://bfl.ai/pricing\n\n实际价格约为官方的7.7折，比如下面的默认案例双图1080*1920 ，大约是0.3积分"
      ],
      "color": "#432",
      "bgcolor": "#653"
    },
    {
      "id": 25,
      "type": "PDIMAGE_LongerSize",
      "pos": [
        3037.09228515625,
        2123.940673828125
      ],
      "size": [
        270,
        82
      ],
      "flags": {},
      "order": 18,
      "mode": 0,
      "inputs": [
        {
          "label": "image",
          "name": "image",
          "type": "IMAGE",
          "link": 30
        },
        {
          "label": "size",
          "name": "size",
          "type": "INT",
          "widget": {
            "name": "size"
          }
        },
        {
          "label": "interpolation",
          "name": "interpolation",
          "type": "COMBO",
          "widget": {
            "name": "interpolation"
          }
        }
      ],
      "outputs": [
        {
          "label": "IMAGE",
          "name": "IMAGE",
          "type": "IMAGE",
          "links": [
            31
          ]
        }
      ],
      "properties": {
        "Node name for S&R": "PDIMAGE_LongerSize",
        "widget_ue_connectable": {}
      },
      "widgets_values": [
        1536,
        "bicubic"
      ]
    },
    {
      "id": 26,
      "type": "SaveImage",
      "pos": [
        3395.090576171875,
        2169.885009765625
      ],
      "size": [
        270,
        270
      ],
      "flags": {},
      "order": 19,
      "mode": 0,
      "inputs": [
        {
          "label": "images",
          "name": "images",
          "type": "IMAGE",
          "link": 31
        },
        {
          "label": "filename_prefix",
          "name": "filename_prefix",
          "type": "STRING",
          "widget": {
            "name": "filename_prefix"
          }
        }
      ],
      "outputs": [],
      "properties": {
        "Node name for S&R": "SaveImage",
        "widget_ue_connectable": {}
      },
      "widgets_values": [
        "ComfyUI"
      ]
    },
    {
      "id": 12,
      "type": "CR Prompt Text",
      "pos": [
        1015.6778564453125,
        1301.889892578125
      ],
      "size": [
        400,
        200
      ],
      "flags": {},
      "order": 5,
      "mode": 0,
      "inputs": [
        {
          "label": "prompt",
          "name": "prompt",
          "type": "STRING",
          "widget": {
            "name": "prompt"
          }
        }
      ],
      "outputs": [
        {
          "label": "prompt",
          "name": "prompt",
          "type": "STRING",
          "links": [
            21
          ]
        },
        {
          "label": "show_help",
          "name": "show_help",
          "type": "STRING"
        }
      ],
      "properties": {
        "Node name for S&R": "CR Prompt Text",
        "cnr_id": "ComfyUI_Comfyroll_CustomNodes",
        "ver": "d78b780ae43fcf8c6b7c6505e6ffb4584281ceca",
        "widget_ue_connectable": {}
      },
      "widgets_values": [
        "图2的女人拿着图1的画在图3的场景"
      ]
    },
    {
      "id": 5,
      "type": "easy showAnything",
      "pos": [
        2230.36669921875,
        1486.42529296875
      ],
      "size": [
        351.7069396972656,
        178.5074462890625
      ],
      "flags": {},
      "order": 16,
      "mode": 0,
      "inputs": [
        {
          "label": "anything",
          "name": "anything",
          "shape": 7,
          "type": "*",
          "link": 20
        }
      ],
      "outputs": [
        {
          "label": "output",
          "name": "output",
          "type": "*"
        }
      ],
      "properties": {
        "Node name for S&R": "easy showAnything",
        "cnr_id": "comfyui-easy-use",
        "ver": "a1b402b4a9c0ddd35c0ac1197579f8f7b121ff3e",
        "widget_ue_connectable": {},
        "ttNbgOverride": {
          "bgcolor": "#593930",
          "groupcolor": "#b06634",
          "color": "#332922"
        }
      },
      "widgets_values": [
        "{\"status\": \"success\", \"task_id\": \"263029a1-5758-4f98-a3c3-5a36c7cf19e5\", \"prompt\": \"\\u56fe2\\u7684\\u5973\\u4eba\\u62ff\\u7740\\u56fe1\\u7684\\u753b\\u5728\\u56fe3\\u7684\\u573a\\u666f\", \"seed\": 539165810, \"width\": 1920, \"height\": 1080, \"image_url\": \"https://bfldeliverysc.blob.core.windows.net/results/2025/11/30/ceb970ab3d5b409298e717b47223c3f5_sample.png?se=2025-11-30T12%3A49%3A52Z&sp=r&sv=2024-11-04&sr=b&rsct=image/png&sig=GcGH1ABzAtAKmPgHXc2ONAYJ9WgBjMeFUjQZUjJiu0U%3D\"}"
      ],
      "color": "#332922",
      "bgcolor": "#593930"
    },
    {
      "id": 20,
      "type": "LoadImage",
      "pos": [
        1066.0408935546875,
        1998.9681396484375
      ],
      "size": [
        270,
        314.0001220703125
      ],
      "flags": {},
      "order": 6,
      "mode": 0,
      "inputs": [
        {
          "label": "image",
          "name": "image",
          "type": "COMBO",
          "widget": {
            "name": "image"
          }
        },
        {
          "label": "upload",
          "name": "upload",
          "type": "IMAGEUPLOAD",
          "widget": {
            "name": "upload"
          }
        }
      ],
      "outputs": [
        {
          "label": "IMAGE",
          "name": "IMAGE",
          "type": "IMAGE",
          "links": [
            23,
            35
          ]
        },
        {
          "label": "MASK",
          "name": "MASK",
          "type": "MASK"
        }
      ],
      "properties": {
        "Node name for S&R": "LoadImage",
        "cnr_id": "comfy-core",
        "ver": "0.3.65",
        "widget_ue_connectable": {}
      },
      "widgets_values": [
        "6e799006ffd0822e7a6f6b1dc54eee1c1e192a579ff687c4f40c34f746a065a9.jpg",
        "image"
      ]
    },
    {
      "id": 27,
      "type": "LoadImage",
      "pos": [
        1109.05712890625,
        2415.703125
      ],
      "size": [
        270,
        314.0001220703125
      ],
      "flags": {},
      "order": 7,
      "mode": 0,
      "inputs": [],
      "outputs": [
        {
          "label": "IMAGE",
          "name": "IMAGE",
          "type": "IMAGE",
          "links": [
            32,
            37
          ]
        },
        {
          "label": "MASK",
          "name": "MASK",
          "type": "MASK"
        }
      ],
      "properties": {
        "Node name for S&R": "LoadImage",
        "widget_ue_connectable": {},
        "cnr_id": "comfy-core",
        "ver": "0.3.65"
      },
      "widgets_values": [
        "fcfa43352a32c8f400cf13a07e9af8c1be6596c3f00629c2694a59b2befaffea.jpg",
        "image"
      ]
    },
    {
      "id": 28,
      "type": "ImageConcatMulti",
      "pos": [
        2194.45751953125,
        2294.740234375
      ],
      "size": [
        270,
        170
      ],
      "flags": {},
      "order": 13,
      "mode": 0,
      "inputs": [
        {
          "label": "image_1",
          "name": "image_1",
          "type": "IMAGE",
          "link": 39
        },
        {
          "label": "image_2",
          "name": "image_2",
          "shape": 7,
          "type": "IMAGE",
          "link": 35
        },
        {
          "label": "image_3",
          "name": "image_3",
          "shape": 7,
          "type": "IMAGE",
          "link": 37
        }
      ],
      "outputs": [
        {
          "label": "images",
          "name": "images",
          "type": "IMAGE",
          "links": [
            36
          ]
        }
      ],
      "properties": {
        "widget_ue_connectable": {}
      },
      "widgets_values": [
        3,
        "down",
        true,
        null
      ]
    },
    {
      "id": 9,
      "type": "Note",
      "pos": [
        137.32708740234375,
        1617.226806640625
      ],
      "size": [
        559.0477905273438,
        228.00534057617188
      ],
      "flags": {},
      "order": 8,
      "mode": 0,
      "inputs": [],
      "outputs": [],
      "properties": {
        "widget_ue_connectable": {}
      },
      "widgets_values": [
        "\nAPI申请地址：https://ai.t8star.cn/register?aff=cbff0534884\n注册送0.2美元\n\n\n注册后，点击左侧令牌，创建令牌，用Default分组，不要用跟随用户分组！！\n然后复制API到APIKEY即可\n\nComfyui调用API节点(支持本地部署)：https://github.com/T8mars/Comfyui-zhenzhen\n\n"
      ],
      "color": "#432",
      "bgcolor": "#653"
    },
    {
      "id": 29,
      "type": "PDIMAGE_LongerSize",
      "pos": [
        1179.750244140625,
        1654.1077880859375
      ],
      "size": [
        270,
        82
      ],
      "flags": {},
      "order": 11,
      "mode": 0,
      "inputs": [
        {
          "label": "image",
          "name": "image",
          "type": "IMAGE",
          "link": 40
        }
      ],
      "outputs": [
        {
          "label": "IMAGE",
          "name": "IMAGE",
          "type": "IMAGE",
          "links": [
            38,
            39
          ]
        }
      ],
      "properties": {
        "Node name for S&R": "PDIMAGE_LongerSize",
        "widget_ue_connectable": {}
      },
      "widgets_values": [
        1536,
        "bicubic"
      ]
    },
    {
      "id": 11,
      "type": "LoadImage",
      "pos": [
        745.7886962890625,
        1580.3385009765625
      ],
      "size": [
        270,
        314.00006103515625
      ],
      "flags": {},
      "order": 9,
      "mode": 0,
      "inputs": [
        {
          "label": "image",
          "name": "image",
          "type": "COMBO",
          "widget": {
            "name": "image"
          }
        },
        {
          "label": "upload",
          "name": "upload",
          "type": "IMAGEUPLOAD",
          "widget": {
            "name": "upload"
          }
        }
      ],
      "outputs": [
        {
          "label": "IMAGE",
          "name": "IMAGE",
          "type": "IMAGE",
          "links": [
            40
          ]
        },
        {
          "label": "MASK",
          "name": "MASK",
          "type": "MASK"
        }
      ],
      "properties": {
        "Node name for S&R": "LoadImage",
        "cnr_id": "comfy-core",
        "ver": "0.3.65",
        "widget_ue_connectable": {}
      },
      "widgets_values": [
        "9b11049bd07b94b66c1b7497b2fbd3ab348850f938bf980b41d2bec68331cb90.png",
        "image"
      ]
    },
    {
      "id": 14,
      "type": "Comfly_api_set",
      "pos": [
        647.7092895507812,
        2427.604736328125
      ],
      "size": [
        270,
        106
      ],
      "flags": {},
      "order": 10,
      "mode": 0,
      "inputs": [
        {
          "label": "api_base",
          "name": "api_base",
          "type": "COMBO",
          "widget": {
            "name": "api_base"
          }
        },
        {
          "label": "apikey",
          "name": "apikey",
          "type": "STRING",
          "widget": {
            "name": "apikey"
          }
        },
        {
          "label": "custom_ip",
          "name": "custom_ip",
          "shape": 7,
          "type": "STRING",
          "widget": {
            "name": "custom_ip"
          }
        }
      ],
      "outputs": [
        {
          "label": "apikey",
          "name": "apikey",
          "type": "STRING",
          "links": [
            22
          ]
        }
      ],
      "properties": {
        "Node name for S&R": "Comfly_api_set",
        "widget_ue_connectable": {}
      },
      "widgets_values": [
        "zhenzhen",
        "",
        ""
      ]
    }
  ],
  "links": [
    [
      18,
      18,
      0,
      19,
      0,
      "IMAGE"
    ],
    [
      19,
      18,
      1,
      1,
      0,
      "*"
    ],
    [
      20,
      18,
      2,
      5,
      0,
      "*"
    ],
    [
      21,
      12,
      0,
      18,
      8,
      "STRING"
    ],
    [
      22,
      14,
      0,
      18,
      9,
      "STRING"
    ],
    [
      23,
      20,
      0,
      18,
      1,
      "IMAGE"
    ],
    [
      24,
      21,
      0,
      18,
      11,
      "INT"
    ],
    [
      25,
      22,
      0,
      18,
      12,
      "INT"
    ],
    [
      29,
      18,
      0,
      24,
      1,
      "IMAGE"
    ],
    [
      30,
      24,
      0,
      25,
      0,
      "IMAGE"
    ],
    [
      31,
      25,
      0,
      26,
      0,
      "IMAGE"
    ],
    [
      32,
      27,
      0,
      18,
      2,
      "IMAGE"
    ],
    [
      35,
      20,
      0,
      28,
      1,
      "IMAGE"
    ],
    [
      36,
      28,
      0,
      24,
      0,
      "IMAGE"
    ],
    [
      37,
      27,
      0,
      28,
      2,
      "IMAGE"
    ],
    [
      38,
      29,
      0,
      18,
      0,
      "IMAGE"
    ],
    [
      39,
      29,
      0,
      28,
      0,
      "IMAGE"
    ],
    [
      40,
      11,
      0,
      29,
      0,
      "IMAGE"
    ]
  ],
  "groups": [
    {
      "id": 1,
      "title": "B站、Youtube：T8star-Aix",
      "bounding": [
        476.8347473144531,
        708.3858642578125,
        4168,
        309
      ],
      "color": "#3f789e",
      "font_size": 240,
      "flags": {}
    }
  ],
  "config": {},
  "extra": {
    "links_added_by_ue": [],
    "ue_links": [],
    "0246.VERSION": [
      0,
      0,
      4
    ],
    "ds": {
      "scale": 1.4122927695244551,
      "offset": [
        -2685.349386075704,
        -1919.2915223541854
      ]
    },
    "frontendVersion": "1.23.0",
    "VHS_latentpreview": false,
    "VHS_latentpreviewrate": 0,
    "VHS_MetadataImage": true,
    "VHS_KeepIntermediate": true
  },
  "version": 0.4
}