{
	"last_link_id":9,
	"nodes":[
		{
			"mode":0,
			"outputs":[
				{
					"name":"apikey",
					"links":[
						2
					],
					"label":"apikey",
					"type":"STRING",
					"localized_name":"apikey"
				}
			],
			"size":[
				270,
				106
			],
			"pos":[
				1249.0662841796875,
				197.2925567626953
			],
			"widgets_values":[
				"zhenzhen",
				"",
				""
			],
			"inputs":[
				{
					"widget":{
						"name":"api_base"
					},
					"name":"api_base",
					"label":"api_base",
					"type":"COMBO",
					"localized_name":"api_base"
				},
				{
					"widget":{
						"name":"apikey"
					},
					"name":"apikey",
					"link":1,
					"label":"apikey",
					"type":"STRING",
					"localized_name":"apikey"
				},
				{
					"widget":{
						"name":"custom_ip"
					},
					"shape":7,
					"name":"custom_ip",
					"label":"custom_ip",
					"type":"STRING",
					"localized_name":"custom_ip"
				}
			],
			"flags":{
				
			},
			"id":2,
			"type":"Comfly_api_set",
			"properties":{
				"widget_ue_connectable":{
					
				},
				"Node name for S&R":"Comfly_api_set"
			},
			"order":3
		},
		{
			"mode":0,
			"outputs":[
				{
					"name":"output",
					"label":"output",
					"type":"*",
					"localized_name":"output"
				}
			],
			"size":[
				210,
				88
			],
			"pos":[
				2392.378662109375,
				484.4831848144531
			],
			"widgets_values":[
				"audio"
			],
			"inputs":[
				{
					"shape":7,
					"name":"anything",
					"link":5,
					"label":"输入任何",
					"type":"*",
					"localized_name":"anything"
				}
			],
			"flags":{
				
			},
			"id":6,
			"type":"easy showAnything",
			"properties":{
				"widget_ue_connectable":{
					
				},
				"Node name for S&R":"easy showAnything"
			},
			"order":6
		},
		{
			"outputs":[
				
			],
			"color":"#432",
			"widgets_values":[
				"\nAPI申请地址：https://ai.t8star.cn/\n注册送0.2美元\n\n注册后，点击左侧令牌，创建令牌，用Default分组，不要用跟随用户分组！！\n然后复制API到APIKEY即可\n\n如需本地使用，请安装节点：https://github.com/T8mars/Comfyui-zhenzhen"
			],
			"inputs":[
				
			],
			"flags":{
				
			},
			"type":"Note",
			"mode":0,
			"bgcolor":"#653",
			"size":[
				330.6611633300781,
				183.86776733398438
			],
			"pos":[
				192.1849365234375,
				107.04216766357422
			],
			"id":8,
			"properties":{
				"widget_ue_connectable":{
					
				}
			},
			"order":0
		},
		{
			"mode":0,
			"outputs":[
				{
					"name":"output",
					"label":"output",
					"type":"*",
					"localized_name":"output"
				}
			],
			"size":[
				297.0931091308594,
				164.791748046875
			],
			"pos":[
				1937.3543701171875,
				423.8460998535156
			],
			"widgets_values":[
				"{\"status\": \"success\", \"upload_id\": \"f407ae5f-d29d-49d7-95e9-9145088e631a\", \"clip_id\": \"8374cefd-308d-4c0c-9aa6-eaf16886ad9e\", \"title\": \"audio\", \"tags\": \"\", \"lyrics\": \"[Verse 1]\\n\\u4f60\\u70ba\\u4ec0\\u9ebc\\u80fd\\u8b93\\u6211\\u5e73\\u975c\\n\\u6b4c\\u8072\\u8abf\\u7e3d\\u662f\\u5728\\u591c\\u88e1\\u8ff4\\u97ff\\n\\u98a8\\u4e00\\u9ede\\u4e00\\u9ede\\n\\u4ec0\\u9ebc\\u88ab\\u5439\\u51fa\\u4e86\\u5f62\\u72c0\\n\\n[Pre-Chorus]\\n\\u6211\\u4ee5\\u70ba\\u80fd\\u5b89\\u7a69\\u7a69\\n\\u7d50\\u679c\\u9023\\u5922\\u90fd\\u4e0d\\u6562\\u653e\\u9577\\n\\u9023\\u547c\\u5438\\u90fd\\u5f97\\u5b89\\u6392\\u9084\\u8981\\u88dd\\u5f97\\u82e5\\u7121\\u5176\\u4e8b\\u4e00\\u6a23\\n\\n[Chorus]\\n\\u672c\\u4f86\\u61c9\\u8a72\\u5f9e\\u5f9e\\u5bb9\\u5bb9\\u60a0\\u7136\\u6709\\u9918\\n\\u73fe\\u5728\\u662f\\u5306\\u5306\\u5fd9\\u5fd9\\u9023\\u6efe\\u5e36\\u722c\\n\\u775c\\u773c\\u8aaa\\u778e\\u8a71\\n\\u4f60\\u518d\\u8ddf\\u591c\\u8aaa\\u4ec0\\u9ebc\\u5566\\n\\u4f60\\u518d\\u54ed\\u4ec0\\u9ebc\\u54ed\\u554a\\u6c92\\u51fa\\u606f\\n\\n[Verse 2]\\n\\u8d70\\u5f97\\u8d8a\\u9060\\u8d8a\\u5206\\u4e0d\\u6e05\\u65b9\\u5411\\n\\u6bcf\\u4e00\\u6b65\\u90fd\\u50cf\\u5728\\u548c\\u5f71\\u5b50\\u8f03\\u91cf\\n\\u6642\\u9593\\u4e00\\u9ede\\u9ede\\n\\u628a\\u92d2\\u8292\\u78e8\\u6210\\u4e86\\u6eab\\u826f\\n\\n[Pre-Chorus]\\n\\u6709\\u4e9b\\u8a71\\u8aaa\\u4e0d\\u51fa\\u53e3\\n\\u6709\\u4e9b\\u5922\\u6211\\u4e0d\\u6562\\u807d\\n\\u65e5\\u5b50\\u50cf\\u689d\\u6c92\\u76e1\\u982d\\u7684\\u8def\\u6211\\u8d70\\u8457\\u8d70\\u8457\\u5c31\\u6c92\\u4e86\\u8072\\u97f3\\n\\n[Chorus]\\n\\u672c\\u4f86\\u61c9\\u8a72\\u5f9e\\u5f9e\\u5bb9\\u5bb9\\u60a0\\u7136\\u6709\\u9918\\n\\u73fe\\u5728\\u662f\\u5306\\u5306\\u5fd9\\u5fd9\\u9023\\u6efe\\u5e36\\u722c\\n\\u775c\\u773c\\u8aaa\\u778e\\u8a71\\n\\u4f60\\u518d\\u8ddf\\u591c\\u8aaa\\u4ec0\\u9ebc\\u5566\\n\\u4f60\\u518d\\u54ed\\u4ec0\\u9ebc\\u54ed\\u554a\\u6c92\\u51fa\\u606f\\n\\n[Bridge]\\n\\u4e5f\\u8a31\\u6211\\u8a72\\u5b78\\u8457\\u5b89\\u975c\\n\\u50cf\\u98a8\\u5411\\u7070\\u5875\\u90a3\\u6a23\\u8f15\\n\\u53ef\\u53ea\\u8981\\u9084\\u9192\\u8457\\u5c31\\u9084\\u5f97\\u88dd\\u5f97\\u50cf\\u6a23\\u4e00\\u9ede\\n\\n[Chorus]\\n\\u672c\\u4f86\\u61c9\\u8a72\\u5f9e\\u5f9e\\u5bb9\\u5bb9\\u60a0\\u7136\\u6709\\u9918\\n\\u73fe\\u5728\\u662f\\u537b\\u53eb\\u6211\\n\\u4e0d\\u554f\\u4f55\\u53bb\\n\\u775c\\u773c\\u8aaa\\u778e\\u8a71\\n\\u6211\\u9084\\u5728\\u5047\\u88dd\\u701f\\u7051\\n\\u4f60\\u518d\\u54ed\\u4ec0\\u9ebc\\u54ed\\u554a\\n\\u9019\\u5c31\\u662f\\u6c92\\u51fa\\u606f\", \"seed\": 1899467554, \"upload_filename\": \"audio.mp3\"}"
			],
			"inputs":[
				{
					"shape":7,
					"name":"anything",
					"link":3,
					"label":"输入任何",
					"type":"*",
					"localized_name":"anything"
				}
			],
			"flags":{
				
			},
			"id":4,
			"type":"easy showAnything",
			"properties":{
				"widget_ue_connectable":{
					
				},
				"Node name for S&R":"easy showAnything"
			},
			"order":10
		},
		{
			"mode":0,
			"outputs":[
				
			],
			"size":[
				295.2300720214844,
				82
			],
			"pos":[
				2228.757080078125,
				778.1783447265625
			],
			"widgets_values":[
				"",
				"output_text"
			],
			"inputs":[
				{
					"widget":{
						"name":"text"
					},
					"name":"text",
					"link":7,
					"label":"text",
					"type":"STRING",
					"localized_name":"text"
				},
				{
					"widget":{
						"name":"output_name"
					},
					"name":"output_name",
					"label":"output_name",
					"type":"STRING",
					"localized_name":"output_name"
				}
			],
			"flags":{
				
			},
			"id":9,
			"type":"ShellAgentPluginOutputText",
			"properties":{
				"widget_ue_connectable":{
					
				},
				"Node name for S&R":"ShellAgentPluginOutputText"
			},
			"order":9
		},
		{
			"mode":0,
			"outputs":[
				{
					"name":"clip_id",
					"links":[
						
					],
					"label":"clip_id",
					"type":"STRING",
					"localized_name":"clip_id"
				},
				{
					"name":"title",
					"links":[
						5
					],
					"label":"title",
					"type":"STRING",
					"localized_name":"title"
				},
				{
					"name":"tags",
					"links":[
						6
					],
					"label":"tags",
					"type":"STRING",
					"localized_name":"tags"
				},
				{
					"name":"lyrics",
					"links":[
						4,
						7
					],
					"label":"lyrics",
					"type":"STRING",
					"localized_name":"lyrics"
				},
				{
					"name":"response",
					"links":[
						3
					],
					"label":"response",
					"type":"STRING",
					"localized_name":"response"
				}
			],
			"size":[
				270,
				210
			],
			"pos":[
				1613.8216552734375,
				9.932913780212402
			],
			"widgets_values":[
				"",
				"audio.mp3",
				916622186,
				"randomize"
			],
			"inputs":[
				{
					"name":"audio",
					"link":8,
					"label":"audio",
					"type":"AUDIO",
					"localized_name":"audio"
				},
				{
					"widget":{
						"name":"api_key"
					},
					"shape":7,
					"name":"api_key",
					"link":2,
					"label":"api_key",
					"type":"STRING",
					"localized_name":"api_key"
				},
				{
					"widget":{
						"name":"upload_filename"
					},
					"shape":7,
					"name":"upload_filename",
					"label":"upload_filename",
					"type":"STRING",
					"localized_name":"upload_filename"
				},
				{
					"widget":{
						"name":"seed"
					},
					"shape":7,
					"name":"seed",
					"label":"seed",
					"type":"INT",
					"localized_name":"seed"
				}
			],
			"flags":{
				
			},
			"id":3,
			"type":"Comfly_suno_upload",
			"properties":{
				"widget_ue_connectable":{
					
				},
				"Node name for S&R":"Comfly_suno_upload"
			},
			"order":5
		},
		{
			"mode":0,
			"outputs":[
				{
					"name":"output",
					"label":"output",
					"type":"*",
					"localized_name":"output"
				}
			],
			"size":[
				313.44744873046875,
				249.44744873046875
			],
			"pos":[
				1813.5574951171875,
				754.363525390625
			],
			"widgets_values":[
				"[Verse 1]\n你為什麼能讓我平靜\n歌聲調總是在夜裡迴響\n風一點一點\n什麼被吹出了形狀\n\n[Pre-Chorus]\n我以為能安穩穩\n結果連夢都不敢放長\n連呼吸都得安排還要裝得若無其事一樣\n\n[Chorus]\n本來應該從從容容悠然有餘\n現在是匆匆忙忙連滾帶爬\n睜眼說瞎話\n你再跟夜說什麼啦\n你再哭什麼哭啊沒出息\n\n[Verse 2]\n走得越遠越分不清方向\n每一步都像在和影子較量\n時間一點點\n把鋒芒磨成了溫良\n\n[Pre-Chorus]\n有些話說不出口\n有些夢我不敢聽\n日子像條沒盡頭的路我走著走著就沒了聲音\n\n[Chorus]\n本來應該從從容容悠然有餘\n現在是匆匆忙忙連滾帶爬\n睜眼說瞎話\n你再跟夜說什麼啦\n你再哭什麼哭啊沒出息\n\n[Bridge]\n也許我該學著安靜\n像風向灰塵那樣輕\n可只要還醒著就還得裝得像樣一點\n\n[Chorus]\n本來應該從從容容悠然有餘\n現在是卻叫我\n不問何去\n睜眼說瞎話\n我還在假裝瀟灑\n你再哭什麼哭啊\n這就是沒出息"
			],
			"inputs":[
				{
					"shape":7,
					"name":"anything",
					"link":4,
					"label":"输入任何",
					"type":"*",
					"localized_name":"anything"
				}
			],
			"flags":{
				
			},
			"id":5,
			"type":"easy showAnything",
			"properties":{
				"widget_ue_connectable":{
					
				},
				"Node name for S&R":"easy showAnything"
			},
			"order":8
		},
		{
			"mode":0,
			"outputs":[
				{
					"name":"prompt",
					"links":[
						1
					],
					"label":"提示词文本",
					"type":"STRING",
					"localized_name":"prompt"
				},
				{
					"name":"show_help",
					"label":"show_help",
					"type":"STRING",
					"localized_name":"show_help"
				}
			],
			"size":[
				400,
				200
			],
			"pos":[
				612.394775390625,
				107.40809631347656
			],
			"widgets_values":[
				""
			],
			"inputs":[
				{
					"widget":{
						"name":"prompt"
					},
					"name":"prompt",
					"label":"prompt",
					"type":"STRING",
					"localized_name":"提示词"
				}
			],
			"flags":{
				
			},
			"id":1,
			"type":"CR Prompt Text",
			"properties":{
				"widget_ue_connectable":{
					
				},
				"Node name for S&R":"CR Prompt Text"
			},
			"order":1
		},
		{
			"mode":0,
			"outputs":[
				{
					"name":"output",
					"label":"output",
					"type":"*",
					"localized_name":"output"
				}
			],
			"size":[
				210,
				88
			],
			"pos":[
				2657.957275390625,
				634.5770874023438
			],
			"widgets_values":[
				""
			],
			"inputs":[
				{
					"shape":7,
					"name":"anything",
					"link":6,
					"label":"输入任何",
					"type":"*",
					"localized_name":"anything"
				}
			],
			"flags":{
				
			},
			"id":7,
			"type":"easy showAnything",
			"properties":{
				"widget_ue_connectable":{
					
				},
				"Node name for S&R":"easy showAnything"
			},
			"order":7
		},
		{
			"mode":0,
			"outputs":[
				{
					"name":"AUDIO",
					"links":[
						8,
						9
					],
					"label":"音频",
					"type":"AUDIO",
					"localized_name":"音频"
				}
			],
			"size":[
				270,
				136
			],
			"pos":[
				1102.7357177734375,
				472.6919860839844
			],
			"widgets_values":[
				"cb2794f14300e63ab267a6b526394ca14c16ea0b8a3ca8ca2274b5ea985cd6d2.flac",
				null,
				""
			],
			"inputs":[
				{
					"widget":{
						"name":"audio"
					},
					"name":"audio",
					"type":"COMBO",
					"localized_name":"音频"
				},
				{
					"widget":{
						"name":"audioUI"
					},
					"name":"audioUI",
					"type":"AUDIO_UI",
					"localized_name":"音频UI"
				},
				{
					"widget":{
						"name":"upload"
					},
					"name":"upload",
					"type":"AUDIOUPLOAD",
					"localized_name":"选择文件上传"
				}
			],
			"flags":{
				
			},
			"id":10,
			"type":"LoadAudio",
			"properties":{
				"widget_ue_connectable":{
					
				},
				"Node name for S&R":"LoadAudio"
			},
			"order":2
		},
		{
			"mode":0,
			"outputs":[
				
			],
			"size":[
				270,
				112
			],
			"pos":[
				1124.459716796875,
				745.9656372070312
			],
			"widgets_values":[
				"audio/ComfyUI"
			],
			"inputs":[
				{
					"name":"audio",
					"link":9,
					"type":"AUDIO",
					"localized_name":"音频"
				},
				{
					"widget":{
						"name":"filename_prefix"
					},
					"name":"filename_prefix",
					"type":"STRING",
					"localized_name":"文件名前缀"
				},
				{
					"widget":{
						"name":"audioUI"
					},
					"name":"audioUI",
					"type":"AUDIO_UI",
					"localized_name":"音频UI"
				}
			],
			"flags":{
				
			},
			"id":11,
			"type":"SaveAudio",
			"properties":{
				"widget_ue_connectable":{
					
				},
				"Node name for S&R":"SaveAudio"
			},
			"order":4
		}
	],
	"extra":{
		"links_added_by_ue":[
			
		],
		"ue_links":[
			
		],
		"0246.VERSION":[
			0,
			0,
			4
		],
		"ds":{
			"offset":[
				-548.4597520849193,
				-187.96566624649256
			],
			"scale":1
		}
	},
	"groups":[
		{
			"color":"#3f789e",
			"font_size":240,
			"flags":{
				
			},
			"id":1,
			"title":"B站、Youtube：T8star-Aix",
			"bounding":[
				-437.3889465332031,
				-454.1208190917969,
				4168,
				309
			]
		}
	],
	"links":[
		[
			1,
			1,
			0,
			2,
			1,
			"STRING"
		],
		[
			2,
			2,
			0,
			3,
			1,
			"STRING"
		],
		[
			3,
			3,
			4,
			4,
			0,
			"*"
		],
		[
			4,
			3,
			3,
			5,
			0,
			"*"
		],
		[
			5,
			3,
			1,
			6,
			0,
			"*"
		],
		[
			6,
			3,
			2,
			7,
			0,
			"*"
		],
		[
			7,
			3,
			3,
			9,
			0,
			"STRING"
		],
		[
			8,
			10,
			0,
			3,
			0,
			"AUDIO"
		],
		[
			9,
			10,
			0,
			11,
			0,
			"AUDIO"
		]
	],
	"id":"689ef56f-37fa-43fd-97d9-326e416646e9",
	"config":{
		
	},
	"version":0.4,
	"last_node_id":11,
	"revision":0
}