{
  "id": "2480d47b-26ee-4b5e-aab1-97fa7759fe86",
  "revision": 0,
  "last_node_id": 20,
  "last_link_id": 13,
  "nodes": [
    {
      "id": 10,
      "type": "Note",
      "pos": [
        433.22235107421875,
        1788.01123046875
      ],
      "size": [
        252.48471069335938,
        177.68634033203125
      ],
      "flags": {},
      "order": 0,
      "mode": 0,
      "inputs": [],
      "outputs": [],
      "properties": {
        "widget_ue_connectable": {}
      },
      "widgets_values": [
        "APIKEY"
      ],
      "color": "#432",
      "bgcolor": "#653"
    },
    {
      "id": 11,
      "type": "Note",
      "pos": [
        415.4692687988281,
        1325.2841796875
      ],
      "size": [
        252.48471069335938,
        177.68634033203125
      ],
      "flags": {},
      "order": 1,
      "mode": 0,
      "inputs": [],
      "outputs": [],
      "properties": {
        "widget_ue_connectable": {}
      },
      "widgets_values": [
        "https://ai.t8star.cn/ 获取API地址\n国庆期间，每个视频仅收取0.01元人民币\n\n注册送0.2，每日签到也送\n\n基准价格0.1/10秒视频"
      ],
      "color": "#432",
      "bgcolor": "#653"
    },
    {
      "id": 12,
      "type": "LoadImage",
      "pos": [
        718.33935546875,
        774.9888305664062
      ],
      "size": [
        270,
        314.00006103515625
      ],
      "flags": {},
      "order": 2,
      "mode": 0,
      "inputs": [
        {
          "label": "image",
          "name": "image",
          "type": "COMBO",
          "widget": {
            "name": "image"
          }
        },
        {
          "label": "upload",
          "name": "upload",
          "type": "IMAGEUPLOAD",
          "widget": {
            "name": "upload"
          }
        }
      ],
      "outputs": [
        {
          "label": "IMAGE",
          "name": "IMAGE",
          "type": "IMAGE",
          "links": [
            10
          ]
        },
        {
          "label": "MASK",
          "name": "MASK",
          "type": "MASK"
        }
      ],
      "properties": {
        "cnr_id": "comfy-core",
        "ver": "0.3.60",
        "Node name for S&R": "LoadImage",
        "ue_properties": {
          "widget_ue_connectable": {
            "image": true,
            "upload": true
          },
          "version": "7.0.1"
        },
        "widget_ue_connectable": {},
        "ttNbgOverride": {
          "bgcolor": "#533",
          "groupcolor": "#A88",
          "color": "#322"
        }
      },
      "widgets_values": [
        "eebb24f75162a19536ae8562babc811339b3b854a88c89b26493afcd26f4afe7.webp",
        "image"
      ],
      "color": "#322",
      "bgcolor": "#533"
    },
    {
      "id": 13,
      "type": "easy showAnything",
      "pos": [
        1985.24462890625,
        1314.81201171875
      ],
      "size": [
        477.74127197265625,
        193.86708068847656
      ],
      "flags": {},
      "order": 9,
      "mode": 0,
      "inputs": [
        {
          "label": "anything",
          "name": "anything",
          "shape": 7,
          "type": "*",
          "link": 7
        }
      ],
      "outputs": [
        {
          "label": "output",
          "name": "output",
          "type": "*"
        }
      ],
      "properties": {
        "cnr_id": "comfyui-easy-use",
        "ver": "11794f7d718dc38dded09e677817add796ce0234",
        "Node name for S&R": "easy showAnything",
        "ue_properties": {
          "widget_ue_connectable": {},
          "version": "7.0.1"
        },
        "widget_ue_connectable": {},
        "ttNbgOverride": {
          "bgcolor": "#533",
          "groupcolor": "#A88",
          "color": "#322"
        }
      },
      "widgets_values": [
        "{\"status\": \"success\", \"task_id\": \"sora-2-pro:task_01k7tqg705fhqr802md504y67s\", \"prompt\": \"\\u4e00\\u4e2a\\u5361\\u901a\\u5973\\u5b69\\uff0c\\u7a7f\\u8d8a\\u5230\\u4e2d\\u56fd\\u53e4\\u4ee3\\uff0c\\u5728\\u73b0\\u573a\\u76f4\\u64ad\\u6f58\\u91d1\\u83b2\\u4e0e\\u897f\\u95e8\\u5e86\\u7b2c\\u4e00\\u6b21\\u76f8\\u9047\\u7684\\u573a\\u9762\", \"model\": \"sora-2-pro\", \"aspect_ratio\": \"16:9\", \"duration\": \"25\", \"hd\": false, \"video_url\": \"https://filesystem.site/cdn/20251018/76e2c626d87cff5d64500be06d0421.mp4\"}"
      ],
      "color": "#322",
      "bgcolor": "#533"
    },
    {
      "id": 14,
      "type": "easy showAnything",
      "pos": [
        1980.312744140625,
        1604.67724609375
      ],
      "size": [
        430.02789306640625,
        229.0285186767578
      ],
      "flags": {},
      "order": 8,
      "mode": 0,
      "inputs": [
        {
          "label": "anything",
          "name": "anything",
          "shape": 7,
          "type": "*",
          "link": 8
        }
      ],
      "outputs": [
        {
          "label": "output",
          "name": "output",
          "type": "*"
        }
      ],
      "properties": {
        "cnr_id": "comfyui-easy-use",
        "ver": "11794f7d718dc38dded09e677817add796ce0234",
        "Node name for S&R": "easy showAnything",
        "ue_properties": {
          "widget_ue_connectable": {},
          "version": "7.0.1"
        },
        "widget_ue_connectable": {},
        "ttNbgOverride": {
          "bgcolor": "#533",
          "groupcolor": "#A88",
          "color": "#322"
        }
      },
      "widgets_values": [
        "https://filesystem.site/cdn/20251018/76e2c626d87cff5d64500be06d0421.mp4"
      ],
      "color": "#322",
      "bgcolor": "#533"
    },
    {
      "id": 19,
      "type": "Note",
      "pos": [
        1277.99951171875,
        1365.1875
      ],
      "size": [
        413.864501953125,
        199.27297973632812
      ],
      "flags": {},
      "order": 3,
      "mode": 0,
      "inputs": [],
      "outputs": [],
      "properties": {
        "widget_ue_connectable": {}
      },
      "widgets_values": [
        "目前模型分为sora-2和sora-2-pro版\n\nsora-2 偶发性出水印，价格基准0.1RMB，不支持HD，可选10S和15S，支持横版竖版\nsora-2 Pro，无水印，基准价格1.7RMB，10S和15S支持HD，25S不支持HD，支持横版竖版\n\n务必注意25S不要和HD同时开！\n\n25S 大概需要30分钟\n15S HD大概需要20分钟\n10S 非HD大概5分钟左右\n15S 非HD大概10分钟左右\n\n由于并发压力不同，以上时间仅供参考"
      ],
      "color": "#432",
      "bgcolor": "#653"
    },
    {
      "id": 15,
      "type": "CR Prompt Text",
      "pos": [
        737.6630859375,
        1301.851806640625
      ],
      "size": [
        400,
        200
      ],
      "flags": {},
      "order": 4,
      "mode": 0,
      "inputs": [
        {
          "label": "prompt",
          "name": "prompt",
          "type": "STRING",
          "widget": {
            "name": "prompt"
          }
        }
      ],
      "outputs": [
        {
          "label": "prompt",
          "name": "prompt",
          "type": "STRING",
          "links": [
            11
          ]
        },
        {
          "label": "show_help",
          "name": "show_help",
          "type": "STRING"
        }
      ],
      "properties": {
        "cnr_id": "comfyroll",
        "ver": "d78b780ae43fcf8c6b7c6505e6ffb4584281ceca",
        "Node name for S&R": "CR Prompt Text",
        "ue_properties": {
          "widget_ue_connectable": {},
          "input_ue_unconnectable": {}
        },
        "widget_ue_connectable": {},
        "ttNbgOverride": {
          "bgcolor": "#533",
          "groupcolor": "#A88",
          "color": "#322"
        }
      },
      "widgets_values": [
        "一个卡通女孩，穿越到中国古代，在现场直播赵子龙万人敌的场景"
      ],
      "color": "#322",
      "bgcolor": "#533"
    },
    {
      "id": 18,
      "type": "Comfly_sora2",
      "pos": [
        1253.63232421875,
        939.0792846679688
      ],
      "size": [
        400,
        316
      ],
      "flags": {},
      "order": 6,
      "mode": 0,
      "inputs": [
        {
          "label": "image1",
          "name": "image1",
          "shape": 7,
          "type": "IMAGE",
          "link": 10
        },
        {
          "label": "image2",
          "name": "image2",
          "shape": 7,
          "type": "IMAGE"
        },
        {
          "label": "image3",
          "name": "image3",
          "shape": 7,
          "type": "IMAGE"
        },
        {
          "label": "image4",
          "name": "image4",
          "shape": 7,
          "type": "IMAGE"
        },
        {
          "label": "prompt",
          "name": "prompt",
          "type": "STRING",
          "widget": {
            "name": "prompt"
          },
          "link": 11
        },
        {
          "label": "model",
          "name": "model",
          "type": "COMBO",
          "widget": {
            "name": "model"
          }
        },
        {
          "label": "aspect_ratio",
          "name": "aspect_ratio",
          "type": "COMBO",
          "widget": {
            "name": "aspect_ratio"
          }
        },
        {
          "label": "duration",
          "name": "duration",
          "type": "COMBO",
          "widget": {
            "name": "duration"
          }
        },
        {
          "label": "hd",
          "name": "hd",
          "type": "BOOLEAN",
          "widget": {
            "name": "hd"
          }
        },
        {
          "label": "apikey",
          "name": "apikey",
          "type": "STRING",
          "widget": {
            "name": "apikey"
          },
          "link": 13
        },
        {
          "label": "seed",
          "name": "seed",
          "shape": 7,
          "type": "INT",
          "widget": {
            "name": "seed"
          }
        }
      ],
      "outputs": [
        {
          "label": "video",
          "name": "video",
          "type": "VIDEO",
          "links": [
            9
          ]
        },
        {
          "label": "video_url",
          "name": "video_url",
          "type": "STRING",
          "links": [
            8
          ]
        },
        {
          "label": "response",
          "name": "response",
          "type": "STRING",
          "links": [
            7
          ]
        }
      ],
      "properties": {
        "cnr_id": "Comfyui_Comfly",
        "ver": "c2e2b28a3804d396bc33bbe116f614d34d8f818f",
        "Node name for S&R": "Comfly_sora2",
        "aux_id": "ainewsto/Comfyui_Comfly_v2",
        "ue_properties": {
          "widget_ue_connectable": {},
          "input_ue_unconnectable": {}
        },
        "widget_ue_connectable": {
          "apikey": true
        },
        "ttNbgOverride": {
          "bgcolor": "#533",
          "groupcolor": "#A88",
          "color": "#322"
        }
      },
      "widgets_values": [
        "一个美丽的中国女孩，穿越到中国古代东汉末年赤壁大战的现场，拿着手机自拍杆做现场直播",
        "sora-2",
        "16:9",
        "15",
        false,
        "",
        816659404,
        "randomize"
      ],
      "color": "#322",
      "bgcolor": "#533"
    },
    {
      "id": 17,
      "type": "SaveVideo",
      "pos": [
        1922.518310546875,
        793.0850830078125
      ],
      "size": [
        539.6043090820312,
        484.9288635253906
      ],
      "flags": {},
      "order": 7,
      "mode": 0,
      "inputs": [
        {
          "label": "video",
          "name": "video",
          "type": "VIDEO",
          "link": 9
        },
        {
          "label": "filename_prefix",
          "name": "filename_prefix",
          "type": "STRING",
          "widget": {
            "name": "filename_prefix"
          }
        },
        {
          "label": "format",
          "name": "format",
          "type": "COMBO",
          "widget": {
            "name": "format"
          }
        },
        {
          "label": "codec",
          "name": "codec",
          "type": "COMBO",
          "widget": {
            "name": "codec"
          }
        }
      ],
      "outputs": [],
      "properties": {
        "cnr_id": "comfy-core",
        "ver": "0.3.60",
        "Node name for S&R": "SaveVideo",
        "ue_properties": {
          "widget_ue_connectable": {
            "codec": true,
            "filename_prefix": true,
            "format": true
          },
          "version": "7.0.1"
        },
        "widget_ue_connectable": {},
        "ttNbgOverride": {
          "bgcolor": "#533",
          "groupcolor": "#A88",
          "color": "#322"
        }
      },
      "widgets_values": [
        "video/ComfyUI",
        "auto",
        "auto"
      ],
      "color": "#322",
      "bgcolor": "#533"
    },
    {
      "id": 20,
      "type": "Comfly_api_set",
      "pos": [
        773.5640900757683,
        1757.7765685148406
      ],
      "size": [
        270,
        106
      ],
      "flags": {},
      "order": 5,
      "mode": 0,
      "inputs": [],
      "outputs": [
        {
          "name": "apikey",
          "type": "STRING",
          "links": [
            13
          ]
        }
      ],
      "properties": {
        "aux_id": "T8mars/Comfyui-zhenzhen",
        "ver": "adf9e0f39de29353810237fad96984456739fff3",
        "Node name for S&R": "Comfly_api_set"
      },
      "widgets_values": [
        "zhenzhen",
        "",
        ""
      ]
    }
  ],
  "links": [
    [
      7,
      18,
      2,
      13,
      0,
      "*"
    ],
    [
      8,
      18,
      1,
      14,
      0,
      "*"
    ],
    [
      9,
      18,
      0,
      17,
      0,
      "VIDEO"
    ],
    [
      10,
      12,
      0,
      18,
      0,
      "IMAGE"
    ],
    [
      11,
      15,
      0,
      18,
      4,
      "STRING"
    ],
    [
      13,
      20,
      0,
      18,
      9,
      "STRING"
    ]
  ],
  "groups": [
    {
      "id": 1,
      "title": "B站、Youtube:T8star-Aix",
      "bounding": [
        333.216796875,
        127.66456604003906,
        2990.461669921875,
        452.6882019042969
      ],
      "color": "#3f789e",
      "font_size": 240,
      "flags": {}
    }
  ],
  "config": {},
  "extra": {
    "ds": {
      "scale": 0.9646149645000006,
      "offset": [
        -525.4440680326284,
        -1012.0306490350486
      ]
    },
    "links_added_by_ue": [],
    "ue_links": [],
    "0246.VERSION": [
      0,
      0,
      4
    ],
    "frontendVersion": "1.28.7",
    "VHS_latentpreview": true,
    "VHS_latentpreviewrate": 0,
    "VHS_MetadataImage": true,
    "VHS_KeepIntermediate": true
  },
  "version": 0.4
}