{
  "id": "7cbcec68-7fa6-47bb-a38a-da689949a001",
  "revision": 0,
  "last_node_id": 223,
  "last_link_id": 333,
  "nodes": [
    {
      "id": 207,
      "type": "LoadImage",
      "pos": [
        -448.2453308105469,
        493.8842468261719
      ],
      "size": [
        315,
        314.0000305175781
      ],
      "flags": {},
      "order": 0,
      "mode": 0,
      "inputs": [
        {
          "label": "image",
          "name": "image",
          "type": "COMBO",
          "widget": {
            "name": "image"
          }
        },
        {
          "label": "upload",
          "name": "upload",
          "type": "IMAGEUPLOAD",
          "widget": {
            "name": "upload"
          }
        }
      ],
      "outputs": [
        {
          "label": "IMAGE",
          "name": "IMAGE",
          "type": "IMAGE",
          "links": [
            320
          ]
        },
        {
          "label": "MASK",
          "name": "MASK",
          "type": "MASK"
        }
      ],
      "properties": {
        "cnr_id": "comfy-core",
        "ver": "0.3.65",
        "Node name for S&R": "LoadImage",
        "widget_ue_connectable": {}
      },
      "widgets_values": [
        "3d0f41aeddc506bfdc96fc86a1e254a7e14b402adc80fbc22a6926f472c059da.jpg",
        "image"
      ]
    },
    {
      "id": 214,
      "type": "LoadImage",
      "pos": [
        -189.65536499023438,
        1522.3045654296875
      ],
      "size": [
        315,
        314
      ],
      "flags": {},
      "order": 1,
      "mode": 0,
      "inputs": [
        {
          "label": "image",
          "name": "image",
          "type": "COMBO",
          "widget": {
            "name": "image"
          }
        },
        {
          "label": "upload",
          "name": "upload",
          "type": "IMAGEUPLOAD",
          "widget": {
            "name": "upload"
          }
        }
      ],
      "outputs": [
        {
          "label": "IMAGE",
          "name": "IMAGE",
          "type": "IMAGE",
          "links": [
            326
          ]
        },
        {
          "label": "MASK",
          "name": "MASK",
          "type": "MASK"
        }
      ],
      "properties": {
        "cnr_id": "comfy-core",
        "ver": "0.3.65",
        "Node name for S&R": "LoadImage",
        "widget_ue_connectable": {},
        "ttNbgOverride": {
          "bgcolor": "#593930",
          "groupcolor": "#b06634",
          "color": "#332922"
        }
      },
      "widgets_values": [
        "bd7129b7707661dc1f37ec6a00af5605cca6d18ea51d0d37e26e3ff0d3bdb515.png",
        "image"
      ],
      "color": "#332922",
      "bgcolor": "#593930"
    },
    {
      "id": 215,
      "type": "SaveImage",
      "pos": [
        240.98831176757812,
        1582.660400390625
      ],
      "size": [
        315,
        270
      ],
      "flags": {},
      "order": 5,
      "mode": 0,
      "inputs": [
        {
          "label": "images",
          "name": "images",
          "type": "IMAGE",
          "link": 326
        },
        {
          "label": "filename_prefix",
          "name": "filename_prefix",
          "type": "STRING",
          "widget": {
            "name": "filename_prefix"
          }
        }
      ],
      "outputs": [],
      "properties": {
        "cnr_id": "comfy-core",
        "ver": "0.3.65",
        "Node name for S&R": "SaveImage",
        "widget_ue_connectable": {},
        "ttNbgOverride": {
          "bgcolor": "#593930",
          "groupcolor": "#b06634",
          "color": "#332922"
        }
      },
      "widgets_values": [
        "ComfyUI"
      ],
      "color": "#332922",
      "bgcolor": "#593930"
    },
    {
      "id": 217,
      "type": "SaveVideo",
      "pos": [
        559.8519897460938,
        466.9593505859375
      ],
      "size": [
        315,
        106
      ],
      "flags": {},
      "order": 7,
      "mode": 0,
      "inputs": [
        {
          "label": "video",
          "name": "video",
          "type": "VIDEO",
          "link": 327
        },
        {
          "label": "filename_prefix",
          "name": "filename_prefix",
          "type": "STRING",
          "widget": {
            "name": "filename_prefix"
          }
        },
        {
          "label": "format",
          "name": "format",
          "type": "COMBO",
          "widget": {
            "name": "format"
          }
        },
        {
          "label": "codec",
          "name": "codec",
          "type": "COMBO",
          "widget": {
            "name": "codec"
          }
        }
      ],
      "outputs": [],
      "properties": {
        "cnr_id": "comfy-core",
        "ver": "0.3.65",
        "Node name for S&R": "SaveVideo",
        "widget_ue_connectable": {}
      },
      "widgets_values": [
        "video/ComfyUI",
        "auto",
        "auto"
      ]
    },
    {
      "id": 216,
      "type": "Note",
      "pos": [
        -1102.6219482421875,
        489.8743591308594
      ],
      "size": [
        559.0477905273438,
        228.00534057617188
      ],
      "flags": {},
      "order": 2,
      "mode": 0,
      "inputs": [],
      "outputs": [],
      "properties": {
        "widget_ue_connectable": {}
      },
      "widgets_values": [
        "\n\nAPI申请地址：https://ai.t8star.cn/\n注册送0.2美元\n\n5秒基准价格0.6元，10秒基准价格1.2元。时间长度修改duration选项即可\n\n注册后，点击左侧令牌，创建令牌，用Default分组，不要用跟随用户分组！！\n然后复制API到APIKEY即可\n\n如需本地使用，请安装节点：https://github.com/ainewsto/Comfyui_Comfly_v2\n"
      ],
      "color": "#432",
      "bgcolor": "#653"
    },
    {
      "id": 219,
      "type": "CR Prompt Text",
      "pos": [
        -649.34033203125,
        904.2628784179688
      ],
      "size": [
        400,
        200
      ],
      "flags": {},
      "order": 3,
      "mode": 0,
      "inputs": [
        {
          "label": "prompt",
          "name": "prompt",
          "type": "STRING",
          "widget": {
            "name": "prompt"
          }
        }
      ],
      "outputs": [
        {
          "label": "prompt",
          "name": "prompt",
          "type": "STRING",
          "links": [
            328
          ]
        },
        {
          "label": "show_help",
          "name": "show_help",
          "type": "STRING"
        }
      ],
      "properties": {
        "cnr_id": "ComfyUI_Comfyroll_CustomNodes",
        "ver": "d78b780ae43fcf8c6b7c6505e6ffb4584281ceca",
        "Node name for S&R": "CR Prompt Text",
        "widget_ue_connectable": {}
      },
      "widgets_values": [
        "两个人抱在一起接吻"
      ]
    },
    {
      "id": 220,
      "type": "easy showAnything",
      "pos": [
        598.0150146484375,
        861.656005859375
      ],
      "size": [
        140,
        26
      ],
      "flags": {},
      "order": 10,
      "mode": 0,
      "inputs": [
        {
          "label": "anything",
          "name": "anything",
          "shape": 7,
          "type": "*",
          "link": 332
        }
      ],
      "outputs": [
        {
          "label": "output",
          "name": "output",
          "type": "*"
        }
      ],
      "properties": {
        "cnr_id": "comfyui-easy-use",
        "ver": "a1b402b4a9c0ddd35c0ac1197579f8f7b121ff3e",
        "Node name for S&R": "easy showAnything",
        "widget_ue_connectable": {}
      },
      "widgets_values": []
    },
    {
      "id": 221,
      "type": "easy showAnything",
      "pos": [
        619.8781127929688,
        651.2725219726562
      ],
      "size": [
        140,
        26
      ],
      "flags": {},
      "order": 8,
      "mode": 0,
      "inputs": [
        {
          "label": "anything",
          "name": "anything",
          "shape": 7,
          "type": "*",
          "link": 330
        }
      ],
      "outputs": [
        {
          "label": "output",
          "name": "output",
          "type": "*"
        }
      ],
      "properties": {
        "cnr_id": "comfyui-easy-use",
        "ver": "a1b402b4a9c0ddd35c0ac1197579f8f7b121ff3e",
        "Node name for S&R": "easy showAnything",
        "widget_ue_connectable": {}
      },
      "widgets_values": []
    },
    {
      "id": 222,
      "type": "easy showAnything",
      "pos": [
        595.8472900390625,
        752.5698852539062
      ],
      "size": [
        140,
        26
      ],
      "flags": {},
      "order": 9,
      "mode": 0,
      "inputs": [
        {
          "label": "anything",
          "name": "anything",
          "shape": 7,
          "type": "*",
          "link": 331
        }
      ],
      "outputs": [
        {
          "label": "output",
          "name": "output",
          "type": "*"
        }
      ],
      "properties": {
        "cnr_id": "comfyui-easy-use",
        "ver": "a1b402b4a9c0ddd35c0ac1197579f8f7b121ff3e",
        "Node name for S&R": "easy showAnything",
        "widget_ue_connectable": {}
      },
      "widgets_values": []
    },
    {
      "id": 206,
      "type": "ComflyJimengVideoApi",
      "pos": [
        63.62110900878906,
        571.263427734375
      ],
      "size": [
        400,
        292
      ],
      "flags": {},
      "order": 6,
      "mode": 0,
      "inputs": [
        {
          "label": "image",
          "name": "image",
          "shape": 7,
          "type": "IMAGE",
          "link": 320
        },
        {
          "label": "prompt",
          "name": "prompt",
          "type": "STRING",
          "widget": {
            "name": "prompt"
          },
          "link": 328
        },
        {
          "label": "duration",
          "name": "duration",
          "type": "COMBO",
          "widget": {
            "name": "duration"
          }
        },
        {
          "label": "aspect_ratio",
          "name": "aspect_ratio",
          "type": "COMBO",
          "widget": {
            "name": "aspect_ratio"
          }
        },
        {
          "label": "cfg_scale",
          "name": "cfg_scale",
          "type": "FLOAT",
          "widget": {
            "name": "cfg_scale"
          }
        },
        {
          "label": "api_key",
          "name": "api_key",
          "shape": 7,
          "type": "STRING",
          "widget": {
            "name": "api_key"
          },
          "link": 333
        },
        {
          "label": "seed",
          "name": "seed",
          "shape": 7,
          "type": "INT",
          "widget": {
            "name": "seed"
          }
        }
      ],
      "outputs": [
        {
          "label": "video",
          "name": "video",
          "type": "VIDEO",
          "links": [
            327
          ]
        },
        {
          "label": "task_id",
          "name": "task_id",
          "type": "STRING",
          "links": [
            330
          ]
        },
        {
          "label": "response",
          "name": "response",
          "type": "STRING",
          "links": [
            331
          ]
        },
        {
          "label": "video_url",
          "name": "video_url",
          "type": "STRING",
          "links": [
            332
          ]
        }
      ],
      "properties": {
        "cnr_id": "Comfyui_Comfly",
        "ver": "b3185506cac77694fb2130b2e6c978aaa5be111c",
        "Node name for S&R": "ComflyJimengVideoApi",
        "widget_ue_connectable": {}
      },
      "widgets_values": [
        "两个人抱在一起接吻",
        5,
        "16:9",
        0.5,
        "",
        1985920953,
        "randomize"
      ]
    },
    {
      "id": 223,
      "type": "Comfly_api_set",
      "pos": [
        -658.7256817248651,
        1172.6986801048624
      ],
      "size": [
        270,
        106
      ],
      "flags": {},
      "order": 4,
      "mode": 0,
      "inputs": [],
      "outputs": [
        {
          "name": "apikey",
          "type": "STRING",
          "links": [
            333
          ]
        }
      ],
      "properties": {
        "aux_id": "T8mars/Comfyui-zhenzhen",
        "ver": "adf9e0f39de29353810237fad96984456739fff3",
        "Node name for S&R": "Comfly_api_set"
      },
      "widgets_values": [
        "zhenzhen",
        "",
        ""
      ]
    }
  ],
  "links": [
    [
      320,
      207,
      0,
      206,
      0,
      "IMAGE"
    ],
    [
      326,
      214,
      0,
      215,
      0,
      "IMAGE"
    ],
    [
      327,
      206,
      0,
      217,
      0,
      "VIDEO"
    ],
    [
      328,
      219,
      0,
      206,
      1,
      "STRING"
    ],
    [
      330,
      206,
      1,
      221,
      0,
      "*"
    ],
    [
      331,
      206,
      2,
      222,
      0,
      "*"
    ],
    [
      332,
      206,
      3,
      220,
      0,
      "*"
    ],
    [
      333,
      223,
      0,
      206,
      5,
      "STRING"
    ]
  ],
  "groups": [
    {
      "id": 7,
      "title": "B站、Youtube：T8star-Aix",
      "bounding": [
        -1549.734130859375,
        -712.2920532226562,
        4168,
        309
      ],
      "color": "#3f789e",
      "font_size": 240,
      "flags": {}
    },
    {
      "id": 8,
      "title": "B站、Youtube：T8star-Aix",
      "bounding": [
        -615.2500610351562,
        -62.89464569091797,
        4168,
        309
      ],
      "color": "#3f789e",
      "font_size": 240,
      "flags": {}
    },
    {
      "id": 9,
      "title": "这个分组不用管",
      "bounding": [
        -199.65536499023438,
        1448.70458984375,
        765.6436157226562,
        397.6000061035156
      ],
      "color": "#3f789e",
      "font_size": 24,
      "flags": {}
    }
  ],
  "config": {},
  "extra": {
    "ds": {
      "scale": 1.061076460950001,
      "offset": [
        1190.0585267448241,
        -472.7576165095431
      ]
    },
    "frontendVersion": "1.28.7",
    "VHS_KeepIntermediate": true,
    "links_added_by_ue": [],
    "VHS_MetadataImage": true,
    "ue_links": [],
    "0246.VERSION": [
      0,
      0,
      4
    ],
    "VHS_latentpreviewrate": 0,
    "VHS_latentpreview": true,
    "groupNodes": {}
  },
  "version": 0.4
}