{
	"last_link_id":30,
	"nodes":[
		{
			"mode":0,
			"outputs":[
				{
					"name":"output",
					"label":"output",
					"type":"*",
					"localized_name":"output"
				}
			],
			"size":[
				140,
				76
			],
			"pos":[
				1154.43310546875,
				919.74951171875
			],
			"widgets_values":[
				"audio"
			],
			"inputs":[
				{
					"shape":7,
					"name":"anything",
					"link":15,
					"label":"anything",
					"type":"*",
					"localized_name":"anything"
				}
			],
			"flags":{
				
			},
			"id":18,
			"type":"easy showAnything",
			"properties":{
				"widget_ue_connectable":{
					
				},
				"Node name for S&R":"easy showAnything"
			},
			"order":15
		},
		{
			"mode":0,
			"outputs":[
				{
					"name":"output",
					"label":"output",
					"type":"*",
					"localized_name":"output"
				}
			],
			"size":[
				140,
				76
			],
			"pos":[
				1235.466552734375,
				1088.0252685546875
			],
			"widgets_values":[
				""
			],
			"inputs":[
				{
					"shape":7,
					"name":"anything",
					"link":16,
					"label":"anything",
					"type":"*",
					"localized_name":"anything"
				}
			],
			"flags":{
				
			},
			"id":19,
			"type":"easy showAnything",
			"properties":{
				"widget_ue_connectable":{
					
				},
				"Node name for S&R":"easy showAnything"
			},
			"order":16
		},
		{
			"mode":0,
			"outputs":[
				{
					"name":"output",
					"label":"output",
					"type":"*",
					"localized_name":"output"
				}
			],
			"size":[
				140,
				76
			],
			"pos":[
				1616.1326904296875,
				997.4762573242188
			],
			"widgets_values":[
				"https://cdn2.suno.ai/image_1eed5b11-b450-4dab-8b05-6736367435c9.jpeg"
			],
			"inputs":[
				{
					"shape":7,
					"name":"anything",
					"link":13,
					"label":"anything",
					"type":"*",
					"localized_name":"anything"
				}
			],
			"flags":{
				
			},
			"id":15,
			"type":"easy showAnything",
			"properties":{
				"widget_ue_connectable":{
					
				},
				"Node name for S&R":"easy showAnything"
			},
			"order":30
		},
		{
			"mode":0,
			"outputs":[
				{
					"name":"output",
					"label":"output",
					"type":"*",
					"localized_name":"output"
				}
			],
			"size":[
				140,
				76
			],
			"pos":[
				1613.6871337890625,
				841.2362670898438
			],
			"widgets_values":[
				"https://cdn2.suno.ai/image_1eed5b11-b450-4dab-8b05-6736367435c9.jpeg"
			],
			"inputs":[
				{
					"shape":7,
					"name":"anything",
					"link":11,
					"label":"anything",
					"type":"*",
					"localized_name":"anything"
				}
			],
			"flags":{
				
			},
			"id":13,
			"type":"easy showAnything",
			"properties":{
				"widget_ue_connectable":{
					
				},
				"Node name for S&R":"easy showAnything"
			},
			"order":29
		},
		{
			"mode":0,
			"outputs":[
				{
					"name":"output",
					"label":"output",
					"type":"*",
					"localized_name":"output"
				}
			],
			"size":[
				140,
				76
			],
			"pos":[
				1617.6539306640625,
				718.6064453125
			],
			"widgets_values":[
				"https://cdn1.suno.ai/1eed5b11-b450-4dab-8b05-6736367435c9.mp3"
			],
			"inputs":[
				{
					"shape":7,
					"name":"anything",
					"link":7,
					"label":"anything",
					"type":"*",
					"localized_name":"anything"
				}
			],
			"flags":{
				
			},
			"id":9,
			"type":"easy showAnything",
			"properties":{
				"widget_ue_connectable":{
					
				},
				"Node name for S&R":"easy showAnything"
			},
			"order":24
		},
		{
			"mode":0,
			"outputs":[
				{
					"name":"output",
					"label":"output",
					"type":"*",
					"localized_name":"output"
				}
			],
			"size":[
				140,
				76
			],
			"pos":[
				1620.9932861328125,
				568.5277709960938
			],
			"widgets_values":[
				"https://cdn1.suno.ai/1eed5b11-b450-4dab-8b05-6736367435c9.mp3"
			],
			"inputs":[
				{
					"shape":7,
					"name":"anything",
					"link":6,
					"label":"anything",
					"type":"*",
					"localized_name":"anything"
				}
			],
			"flags":{
				
			},
			"id":8,
			"type":"easy showAnything",
			"properties":{
				"widget_ue_connectable":{
					
				},
				"Node name for S&R":"easy showAnything"
			},
			"order":23
		},
		{
			"mode":0,
			"outputs":[
				{
					"name":"output",
					"label":"output",
					"type":"*",
					"localized_name":"output"
				}
			],
			"size":[
				140,
				76.00003051757812
			],
			"pos":[
				1926.710693359375,
				492.3518981933594
			],
			"widgets_values":[
				"0ba66164-b2ee-4d62-b7d5-25719ae26d17"
			],
			"inputs":[
				{
					"shape":7,
					"name":"anything",
					"link":8,
					"label":"anything",
					"type":"*",
					"localized_name":"anything"
				}
			],
			"flags":{
				
			},
			"id":10,
			"type":"easy showAnything",
			"properties":{
				"widget_ue_connectable":{
					
				},
				"Node name for S&R":"easy showAnything"
			},
			"order":25
		},
		{
			"mode":0,
			"outputs":[
				{
					"name":"output",
					"label":"output",
					"type":"*",
					"localized_name":"output"
				}
			],
			"size":[
				140,
				76
			],
			"pos":[
				1921.34326171875,
				628.005126953125
			],
			"widgets_values":[
				"{\"status\": \"success\", \"cover_clip_id\": \"71539d53-8e09-4c09-babd-d3a5edc6b44f\", \"version\": \"v5\", \"title\": \"I will give you all\", \"tags\": \"\\u6292\\u60c5\\uff0c\\u6e29\\u67d4\", \"make_instrumental\": false, \"clips_generated\": 2, \"audio_urls\": [\"https://cdn1.suno.ai/1eed5b11-b450-4dab-8b05-6736367435c9.mp3\", \"https://cdn1.suno.ai/1eed5b11-b450-4dab-8b05-6736367435c9.mp3\"], \"clip_ids\": [\"1eed5b11-b450-4dab-8b05-6736367435c9\", \"1eed5b11-b450-4dab-8b05-6736367435c9\"]}"
			],
			"inputs":[
				{
					"shape":7,
					"name":"anything",
					"link":9,
					"label":"anything",
					"type":"*",
					"localized_name":"anything"
				}
			],
			"flags":{
				
			},
			"id":11,
			"type":"easy showAnything",
			"properties":{
				"widget_ue_connectable":{
					
				},
				"Node name for S&R":"easy showAnything"
			},
			"order":26
		},
		{
			"mode":0,
			"outputs":[
				{
					"name":"output",
					"label":"output",
					"type":"*",
					"localized_name":"output"
				}
			],
			"size":[
				140,
				76
			],
			"pos":[
				1922.972412109375,
				919.1849365234375
			],
			"widgets_values":[
				"1eed5b11-b450-4dab-8b05-6736367435c9"
			],
			"inputs":[
				{
					"shape":7,
					"name":"anything",
					"link":12,
					"label":"anything",
					"type":"*",
					"localized_name":"anything"
				}
			],
			"flags":{
				
			},
			"id":14,
			"type":"easy showAnything",
			"properties":{
				"widget_ue_connectable":{
					
				},
				"Node name for S&R":"easy showAnything"
			},
			"order":28
		},
		{
			"mode":0,
			"outputs":[
				{
					"name":"output",
					"label":"output",
					"type":"*",
					"localized_name":"output"
				}
			],
			"size":[
				140,
				76
			],
			"pos":[
				1922.927490234375,
				774.54443359375
			],
			"widgets_values":[
				"1eed5b11-b450-4dab-8b05-6736367435c9"
			],
			"inputs":[
				{
					"shape":7,
					"name":"anything",
					"link":10,
					"label":"anything",
					"type":"*",
					"localized_name":"anything"
				}
			],
			"flags":{
				
			},
			"id":12,
			"type":"easy showAnything",
			"properties":{
				"widget_ue_connectable":{
					
				},
				"Node name for S&R":"easy showAnything"
			},
			"order":27
		},
		{
			"mode":0,
			"outputs":[
				{
					"name":"clip_id",
					"links":[
						1
					],
					"label":"clip_id",
					"type":"STRING",
					"localized_name":"clip_id"
				},
				{
					"name":"title",
					"links":[
						15
					],
					"label":"title",
					"type":"STRING",
					"localized_name":"title"
				},
				{
					"name":"tags",
					"links":[
						16
					],
					"label":"tags",
					"type":"STRING",
					"localized_name":"tags"
				},
				{
					"name":"lyrics",
					"links":[
						17,
						27
					],
					"label":"lyrics",
					"type":"STRING",
					"localized_name":"lyrics"
				},
				{
					"name":"response",
					"links":[
						18
					],
					"label":"response",
					"type":"STRING",
					"localized_name":"response"
				}
			],
			"size":[
				270,
				210
			],
			"pos":[
				586.9471435546875,
				405.1280822753906
			],
			"widgets_values":[
				"",
				"audio.mp3",
				1899467554,
				"randomize"
			],
			"inputs":[
				{
					"name":"audio",
					"link":24,
					"label":"audio",
					"type":"AUDIO",
					"localized_name":"audio"
				},
				{
					"widget":{
						"name":"api_key"
					},
					"shape":7,
					"name":"api_key",
					"link":22,
					"label":"api_key",
					"type":"STRING",
					"localized_name":"api_key"
				},
				{
					"widget":{
						"name":"upload_filename"
					},
					"shape":7,
					"name":"upload_filename",
					"label":"upload_filename",
					"type":"STRING",
					"localized_name":"upload_filename"
				},
				{
					"widget":{
						"name":"seed"
					},
					"shape":7,
					"name":"seed",
					"label":"seed",
					"type":"INT",
					"localized_name":"seed"
				}
			],
			"flags":{
				
			},
			"id":3,
			"type":"Comfly_suno_upload",
			"properties":{
				"widget_ue_connectable":{
					
				},
				"Node name for S&R":"Comfly_suno_upload"
			},
			"order":14
		},
		{
			"outputs":[
				
			],
			"color":"#432",
			"widgets_values":[
				"选项0手动歌词，选项1自动获取歌词"
			],
			"inputs":[
				
			],
			"flags":{
				
			},
			"type":"Note",
			"mode":0,
			"bgcolor":"#653",
			"size":[
				210,
				88
			],
			"pos":[
				-12.83788776397705,
				1259.0811767578125
			],
			"id":26,
			"properties":{
				
			},
			"order":0
		},
		{
			"mode":0,
			"outputs":[
				{
					"name":"AUDIO",
					"links":[
						23
					],
					"label":"AUDIO",
					"type":"AUDIO",
					"localized_name":"AUDIO"
				}
			],
			"size":[
				274.080078125,
				136
			],
			"pos":[
				-577.9443359375,
				275.3778381347656
			],
			"widgets_values":[
				"73e669c22f3c25a92e936d06cc28fa4ea0fa35792b09ce6257efadf097a6e0cd.WAV",
				null,
				""
			],
			"inputs":[
				{
					"widget":{
						"name":"audio"
					},
					"name":"audio",
					"label":"audio",
					"type":"COMBO",
					"localized_name":"audio"
				},
				{
					"widget":{
						"name":"audioUI"
					},
					"name":"audioUI",
					"label":"audioUI",
					"type":"AUDIO_UI",
					"localized_name":"audioUI"
				},
				{
					"widget":{
						"name":"upload"
					},
					"name":"upload",
					"label":"upload",
					"type":"AUDIOUPLOAD",
					"localized_name":"choose file to upload"
				}
			],
			"flags":{
				
			},
			"id":4,
			"type":"LoadAudio",
			"properties":{
				"widget_ue_connectable":{
					
				},
				"Node name for S&R":"LoadAudio"
			},
			"order":1
		},
		{
			"mode":0,
			"outputs":[
				{
					"name":"output",
					"label":"output",
					"type":"*",
					"localized_name":"output"
				}
			],
			"size":[
				297.0931091308594,
				164.791748046875
			],
			"pos":[
				313.0455322265625,
				1072.7490234375
			],
			"widgets_values":[
				"{\"status\": \"success\", \"upload_id\": \"5224e5f5-30cd-4558-9722-ce624e3c065a\", \"clip_id\": \"71539d53-8e09-4c09-babd-d3a5edc6b44f\", \"title\": \"audio\", \"tags\": \"\", \"lyrics\": \"[Verse 1]\\n\\ubb34\\uc2a8 \\uc77c\\uc774 \\uc788\\uc5c8\\ub098\\uc694\\n\\ub0a0 \\ubc14\\ub77c\\ubcf4\\ub294 \\uadf8\\ub300 \\ub208\\ube5b\\n\\ub9d0\\ud558\\uc9c0 \\ubabb\\ud560 \\uace0\\ubbfc\\uc774 \\uc788\\uc5b4 \\ubcf4\\uc5ec\\uc694\\n\\n[Verse 2]\\n\\uc544\\ub984\\ub2e4\\uc6b4 \\uadf8\\ub300 \\ub9c8\\uc74c\\uc744\\n\\ub204\\uac00 \\ub2e4\\uce58\\uac8c \\ud588\\ub098\\uc694\\n\\ub0b4\\uac00 \\ub2e4 \\ub4e4\\uc5b4\\uc904\\uac8c\\uc694\\n\\uc774\\uc820\\n\\n[Chorus]\\n\\ub0b4\\uac00 \\ub9ce\\uc774 \\uc0ac\\ub791\\ud574\\uc694\\n\\uadf8 \\ub204\\uad6c\\ub3c4 \\ud544\\uc694 \\uc5c6\\uc8e0\\n\\uadf8\\uc800 \\ub098\\ub97c \\ubc14\\ub77c\\ubd10 \\uc900\\n\\uadf8\\ub304 \\ub098\\uc758 \\uc120\\ubb3c\\uc774\\uc8e0\\n\\uc774\\uc820 \\ubab0\\ub798 \\uc544\\ud30c\\ud558\\uc9c0 \\ub9d0\\uace0\\n\\ub0b4\\uac8c \\ud138\\uc5b4\\ub194\\uc694\\n\\ubaa8\\ub4e0 \\uac78 \\uc904\\uac8c\\uc694\\nMy love\\n\\n[Verse 3]\\n\\uad1c\\ucc2e\\uc740 \\ucc99 \\uc560\\uc368 \\uc6c3\\uc9c0 \\uc54a\\uc544\\ub3c4 \\ub3fc\\uc694\\n\\ub098\\ub294 \\uadf8\\uc800 \\uadf8\\ub300 \\ub9c8\\uc74c\\uc744\\n\\uc704\\ub85c\\ud558\\uace0 \\uc2f6\\uc8e0\\n\\ub2e4\\ub978 \\uc758\\ubbf8 \\uc5c6\\uc774\\n\\n[Chorus]\\n\\uadf8\\ub300\\ub97c \\uc704\\ud574 \\uc800 \\ub2ec\\uc744 \\uc120\\ubb3c\\ud558\\uace0 \\uc2f6\\uc5b4\\uc694\\n\\uc120\\ub0b4\\ubbf8\\uc5b4\\uc694\\n\\uadf8\\ub308 \\uc704\\ud55c \\uac70\\uc8e0\\n\\ub0b4\\uac00 \\ub9ce\\uc774 \\uc0ac\\ub791\\ud574\\uc694\\n\\uadf8 \\ub204\\uad6c\\ub3c4 \\ud544\\uc694 \\uc5c6\\uc8e0\\n\\uadf8\\uc800 \\ub098\\ub97c \\ubc14\\ub77c\\ubd10 \\uc900\\n\\uadf8\\ub304 \\ub098\\uc758 \\uc120\\ubb3c\\uc774\\uc8e0\\n\\uc774\\uc820 \\ubab0\\ub798 \\uc544\\ud30c\\ud558\\uc9c0 \\ub9d0\\uace0\\n\\ub0b4\\uac8c \\ud138\\uc5b4\\ub194\\uc694\\n\\ubaa8\\ub4e0 \\uac78 \\uc904\\uac8c\\uc694\\n\\ub0b4 \\uc0ac\\ub791\\ud574 \\uc904\\uac8c\\uc694\\n\\n[Chorus]\\n\\ub0b4\\uac00 \\ub9ce\\uc774 \\uc0ac\\ub791\\ud574\\uc694\\n\\ub0b4\\uac00 \\ub9ce\\uc774 \\uc0ac\\ub791\\ud574\\uc694\\n\\uadf8 \\ub204\\uad6c\\ub3c4 \\ud544\\uc694 \\uc5c6\\uc8e0\\n\\uadf8\\uc800 \\ub098\\ub97c \\ubc14\\ub77c\\ubd10 \\uc900\\n\\uadf8\\ub304 \\ub098\\uc758 \\uc120\\ubb3c\\uc774\\uc8e0\\n\\uc774\\uc820 \\ubab0\\ub798 \\uc544\\ud30c\\ud558\\uc9c0 \\ub9d0\\uace0\\n\\ub0b4\\uac8c \\ud138\\uc5b4\\ub194\\uc694\\n\\ubaa8\\ub4e0 \\uac78 \\uc904\\uac8c\\uc694\\n\\ub0b4 \\uc0ac\\ub791\\ud574 \\uc904\\uac8c\\uc694\\n\\ub0b4\\uac00 \\ub9ce\\uc774 \\uc0ac\\ub791\\ud574\\uc694\\n\\uadf8 \\ub204\\uad6c\\ub3c4 \\ud544\\uc694 \\uc5c6\\uc8e0\\n\\uadf8\\uc800 \\ub098\\ub97c \\ubc14\\ub77c\\ubd10 \\uc900\\n\\uadf8\\ub304 \\ub098\\uc758 \\uc120\\ubb3c\\uc774\\uc8e0\\n\\uc774\\uc820 \\ubab0\\ub798 \\uc544\\ud30c\\ud558\\uc9c0 \\ub9d0\\uace0\\n\\ub0b4\\uac8c \\ud138\\uc5b4\\ub194\\uc694\\n\\ubaa8\\ub4e0 \\uac78 \\uc904\\uac8c\\uc694\\nMy love\\n\\ubaa8\\ub4e0 \\uac78 \\uc904\\uac8c\\uc694\\nMy love\", \"seed\": 745426970, \"upload_filename\": \"audio.mp3\"}"
			],
			"inputs":[
				{
					"shape":7,
					"name":"anything",
					"link":18,
					"label":"anything",
					"type":"*",
					"localized_name":"anything"
				}
			],
			"flags":{
				
			},
			"id":20,
			"type":"easy showAnything",
			"properties":{
				"widget_ue_connectable":{
					
				},
				"Node name for S&R":"easy showAnything"
			},
			"order":19
		},
		{
			"mode":0,
			"outputs":[
				{
					"name":"value",
					"links":[
						28
					],
					"label":"value",
					"type":"*",
					"localized_name":"value"
				}
			],
			"size":[
				270,
				98
			],
			"pos":[
				-63.26488494873047,
				1069.3553466796875
			],
			"widgets_values":[
				1
			],
			"inputs":[
				{
					"shape":7,
					"name":"value0",
					"link":26,
					"label":"value0",
					"type":"*",
					"localized_name":"value0"
				},
				{
					"shape":7,
					"name":"value1",
					"link":27,
					"label":"value1",
					"type":"*",
					"localized_name":"value1"
				},
				{
					"widget":{
						"name":"index"
					},
					"name":"index",
					"label":"index",
					"type":"INT",
					"localized_name":"index"
				},
				{
					"name":"value2",
					"type":"*"
				}
			],
			"flags":{
				
			},
			"id":25,
			"type":"easy anythingIndexSwitch",
			"properties":{
				"widget_ue_connectable":{
					
				},
				"Node name for S&R":"easy anythingIndexSwitch"
			},
			"order":18
		},
		{
			"mode":0,
			"outputs":[
				{
					"name":"prompt",
					"links":[
						29
					],
					"label":"prompt",
					"type":"STRING",
					"localized_name":"prompt"
				},
				{
					"name":"show_help",
					"label":"show_help",
					"type":"STRING",
					"localized_name":"show_help"
				}
			],
			"size":[
				400,
				200
			],
			"pos":[
				-586.9315185546875,
				1198.6258544921875
			],
			"widgets_values":[
				"I will give you all"
			],
			"inputs":[
				{
					"widget":{
						"name":"prompt"
					},
					"name":"prompt",
					"label":"prompt",
					"type":"STRING",
					"localized_name":"prompt"
				}
			],
			"flags":{
				
			},
			"id":24,
			"type":"CR Prompt Text",
			"properties":{
				"widget_ue_connectable":{
					
				},
				"Node name for S&R":"CR Prompt Text"
			},
			"order":2
		},
		{
			"mode":0,
			"outputs":[
				{
					"name":"audio1",
					"links":[
						3
					],
					"label":"audio1",
					"type":"AUDIO",
					"localized_name":"audio1"
				},
				{
					"name":"audio2",
					"links":[
						4
					],
					"label":"audio2",
					"type":"AUDIO",
					"localized_name":"audio2"
				},
				{
					"name":"audio_url1",
					"links":[
						6
					],
					"label":"audio_url1",
					"type":"STRING",
					"localized_name":"audio_url1"
				},
				{
					"name":"audio_url2",
					"links":[
						7
					],
					"label":"audio_url2",
					"type":"STRING",
					"localized_name":"audio_url2"
				},
				{
					"name":"task_id",
					"links":[
						8
					],
					"label":"task_id",
					"type":"STRING",
					"localized_name":"task_id"
				},
				{
					"name":"response",
					"links":[
						9
					],
					"label":"response",
					"type":"STRING",
					"localized_name":"response"
				},
				{
					"name":"clip_id1",
					"links":[
						10
					],
					"label":"clip_id1",
					"type":"STRING",
					"localized_name":"clip_id1"
				},
				{
					"name":"clip_id2",
					"links":[
						12
					],
					"label":"clip_id2",
					"type":"STRING",
					"localized_name":"clip_id2"
				},
				{
					"name":"image_url1",
					"links":[
						11
					],
					"label":"image_url1",
					"type":"STRING",
					"localized_name":"image_url1"
				},
				{
					"name":"image_url2",
					"links":[
						13
					],
					"label":"image_url2",
					"type":"STRING",
					"localized_name":"image_url2"
				}
			],
			"size":[
				400,
				460
			],
			"pos":[
				1055,
				359
			],
			"widgets_values":[
				"",
				"I will give you all",
				"抒情，温柔",
				"v5",
				false,
				"",
				"",
				812979932,
				"randomize"
			],
			"inputs":[
				{
					"name":"cover_clip_id",
					"link":1,
					"label":"cover_clip_id",
					"type":"STRING",
					"localized_name":"cover_clip_id"
				},
				{
					"widget":{
						"name":"prompt"
					},
					"name":"prompt",
					"link":28,
					"label":"prompt",
					"type":"STRING",
					"localized_name":"prompt"
				},
				{
					"widget":{
						"name":"title"
					},
					"name":"title",
					"link":29,
					"label":"title",
					"type":"STRING",
					"localized_name":"title"
				},
				{
					"widget":{
						"name":"tags"
					},
					"name":"tags",
					"link":30,
					"label":"tags",
					"type":"STRING",
					"localized_name":"tags"
				},
				{
					"widget":{
						"name":"version"
					},
					"name":"version",
					"label":"version",
					"type":"COMBO",
					"localized_name":"version"
				},
				{
					"widget":{
						"name":"make_instrumental"
					},
					"name":"make_instrumental",
					"label":"make_instrumental",
					"type":"BOOLEAN",
					"localized_name":"make_instrumental"
				},
				{
					"widget":{
						"name":"api_key"
					},
					"shape":7,
					"name":"api_key",
					"link":5,
					"label":"api_key",
					"type":"STRING",
					"localized_name":"api_key"
				},
				{
					"widget":{
						"name":"negative_tags"
					},
					"shape":7,
					"name":"negative_tags",
					"label":"negative_tags",
					"type":"STRING",
					"localized_name":"negative_tags"
				},
				{
					"widget":{
						"name":"seed"
					},
					"shape":7,
					"name":"seed",
					"label":"seed",
					"type":"INT",
					"localized_name":"seed"
				}
			],
			"flags":{
				
			},
			"id":1,
			"type":"Comfly_suno_cover",
			"properties":{
				"widget_ue_connectable":{
					
				},
				"Node name for S&R":"Comfly_suno_cover"
			},
			"order":20
		},
		{
			"mode":0,
			"outputs":[
				{
					"name":"prompt",
					"links":[
						30
					],
					"label":"prompt",
					"type":"STRING",
					"localized_name":"prompt"
				},
				{
					"name":"show_help",
					"label":"show_help",
					"type":"STRING",
					"localized_name":"show_help"
				}
			],
			"size":[
				400,
				200
			],
			"pos":[
				-590.7161254882812,
				1500.8382568359375
			],
			"widgets_values":[
				"抒情，温柔"
			],
			"inputs":[
				{
					"widget":{
						"name":"prompt"
					},
					"name":"prompt",
					"label":"prompt",
					"type":"STRING",
					"localized_name":"prompt"
				}
			],
			"flags":{
				
			},
			"id":27,
			"type":"CR Prompt Text",
			"properties":{
				"widget_ue_connectable":{
					
				},
				"Node name for S&R":"CR Prompt Text"
			},
			"order":3
		},
		{
			"outputs":[
				
			],
			"color":"#432",
			"widgets_values":[
				"歌曲名"
			],
			"inputs":[
				
			],
			"flags":{
				
			},
			"type":"Note",
			"mode":0,
			"bgcolor":"#653",
			"size":[
				210,
				88
			],
			"pos":[
				-909.8381958007812,
				1247.58154296875
			],
			"id":28,
			"properties":{
				
			},
			"order":4
		},
		{
			"outputs":[
				
			],
			"color":"#432",
			"widgets_values":[
				"标签"
			],
			"inputs":[
				
			],
			"flags":{
				
			},
			"type":"Note",
			"mode":0,
			"bgcolor":"#653",
			"size":[
				210,
				88
			],
			"pos":[
				-910.3380737304688,
				1516.5814208984375
			],
			"id":29,
			"properties":{
				
			},
			"order":5
		},
		{
			"outputs":[
				
			],
			"color":"#432",
			"widgets_values":[
				"手动提示词"
			],
			"inputs":[
				
			],
			"flags":{
				
			},
			"type":"Note",
			"mode":0,
			"bgcolor":"#653",
			"size":[
				210,
				88
			],
			"pos":[
				-902.8381958007812,
				930.58154296875
			],
			"id":30,
			"properties":{
				
			},
			"order":6
		},
		{
			"outputs":[
				
			],
			"color":"#432",
			"widgets_values":[
				"\nAPI申请地址：https://ai.t8star.cn/\n注册送0.2美元\n\n注册后，点击左侧令牌，创建令牌，用Default分组，不要用跟随用户分组！！\n然后复制API到APIKEY即可\n\n如需本地使用，请安装节点：https://github.com/T8mars/Comfyui-zhenzhen"
			],
			"inputs":[
				
			],
			"flags":{
				
			},
			"type":"Note",
			"mode":0,
			"bgcolor":"#653",
			"size":[
				330.6611633300781,
				183.86776733398438
			],
			"pos":[
				-1011.8875732421875,
				576.077880859375
			],
			"id":31,
			"properties":{
				
			},
			"order":7
		},
		{
			"outputs":[
				
			],
			"color":"#432",
			"widgets_values":[
				"音频"
			],
			"inputs":[
				
			],
			"flags":{
				
			},
			"type":"Note",
			"mode":0,
			"bgcolor":"#653",
			"size":[
				330.6611633300781,
				183.86776733398438
			],
			"pos":[
				-992.0115356445312,
				305.8712158203125
			],
			"id":32,
			"properties":{
				
			},
			"order":8
		},
		{
			"mode":4,
			"outputs":[
				{
					"name":"AUDIO",
					"links":[
						24
					],
					"label":"AUDIO",
					"type":"AUDIO",
					"localized_name":"AUDIO"
				}
			],
			"size":[
				270,
				82
			],
			"pos":[
				-56.85345458984375,
				269.4575500488281
			],
			"widgets_values":[
				"0:00",
				"1:00"
			],
			"inputs":[
				{
					"name":"audio",
					"link":23,
					"label":"audio",
					"type":"AUDIO",
					"localized_name":"audio"
				},
				{
					"widget":{
						"name":"start_time"
					},
					"name":"start_time",
					"label":"start_time",
					"type":"STRING",
					"localized_name":"start_time"
				},
				{
					"widget":{
						"name":"end_time"
					},
					"name":"end_time",
					"label":"end_time",
					"type":"STRING",
					"localized_name":"end_time"
				}
			],
			"flags":{
				
			},
			"id":22,
			"type":"AudioCrop",
			"properties":{
				"widget_ue_connectable":{
					
				},
				"Node name for S&R":"AudioCrop"
			},
			"order":12
		},
		{
			"outputs":[
				
			],
			"color":"#432",
			"widgets_values":[
				"如只要一段请打开下面的节点自己设置时间长度"
			],
			"inputs":[
				
			],
			"flags":{
				
			},
			"type":"Note",
			"mode":0,
			"bgcolor":"#653",
			"size":[
				288.7603454589844,
				89.75206756591797
			],
			"pos":[
				-59.68647766113281,
				120.63717651367188
			],
			"id":33,
			"properties":{
				
			},
			"order":9
		},
		{
			"mode":0,
			"outputs":[
				
			],
			"size":[
				332.8372497558594,
				140.00355529785156
			],
			"pos":[
				1553.2823486328125,
				283.9070739746094
			],
			"widgets_values":[
				"audio/ComfyUI"
			],
			"inputs":[
				{
					"name":"audio",
					"link":4,
					"label":"audio",
					"type":"AUDIO",
					"localized_name":"audio"
				},
				{
					"widget":{
						"name":"filename_prefix"
					},
					"name":"filename_prefix",
					"label":"filename_prefix",
					"type":"STRING",
					"localized_name":"filename_prefix"
				},
				{
					"widget":{
						"name":"audioUI"
					},
					"name":"audioUI",
					"label":"audioUI",
					"type":"AUDIO_UI",
					"localized_name":"audioUI"
				}
			],
			"flags":{
				
			},
			"id":6,
			"type":"SaveAudio",
			"properties":{
				"widget_ue_connectable":{
					
				},
				"Node name for S&R":"SaveAudio"
			},
			"order":22
		},
		{
			"mode":0,
			"outputs":[
				
			],
			"size":[
				405.2366638183594,
				203.660400390625
			],
			"pos":[
				2139.115966796875,
				434.7724609375
			],
			"widgets_values":[
				"audio/ComfyUI"
			],
			"inputs":[
				{
					"name":"audio",
					"link":3,
					"label":"audio",
					"type":"AUDIO",
					"localized_name":"audio"
				},
				{
					"widget":{
						"name":"filename_prefix"
					},
					"name":"filename_prefix",
					"label":"filename_prefix",
					"type":"STRING",
					"localized_name":"filename_prefix"
				},
				{
					"widget":{
						"name":"audioUI"
					},
					"name":"audioUI",
					"label":"audioUI",
					"type":"AUDIO_UI",
					"localized_name":"audioUI"
				}
			],
			"flags":{
				
			},
			"id":5,
			"type":"SaveAudio",
			"properties":{
				"widget_ue_connectable":{
					
				},
				"Node name for S&R":"SaveAudio"
			},
			"order":21
		},
		{
			"mode":0,
			"outputs":[
				{
					"name":"prompt",
					"links":[
						19
					],
					"label":"prompt",
					"type":"STRING",
					"localized_name":"prompt"
				},
				{
					"name":"show_help",
					"label":"show_help",
					"type":"STRING",
					"localized_name":"show_help"
				}
			],
			"size":[
				400,
				200
			],
			"pos":[
				-625.5506591796875,
				542.6744384765625
			],
			"widgets_values":[
				""
			],
			"inputs":[
				{
					"widget":{
						"name":"prompt"
					},
					"name":"prompt",
					"label":"prompt",
					"type":"STRING",
					"localized_name":"prompt"
				}
			],
			"flags":{
				
			},
			"id":21,
			"type":"CR Prompt Text",
			"properties":{
				"widget_ue_connectable":{
					
				},
				"Node name for S&R":"CR Prompt Text"
			},
			"order":10
		},
		{
			"mode":0,
			"outputs":[
				{
					"name":"output",
					"label":"output",
					"type":"*",
					"localized_name":"output"
				}
			],
			"size":[
				313.44744873046875,
				249.44744873046875
			],
			"pos":[
				687.6862182617188,
				927.7777709960938
			],
			"widgets_values":[
				"[Verse 1]\n무슨 일이 있었나요\n날 바라보는 그대 눈빛\n말하지 못할 고민이 있어 보여요\n\n[Verse 2]\n아름다운 그대 마음을\n누가 다치게 했나요\n내가 다 들어줄게요\n이젠\n\n[Chorus]\n내가 많이 사랑해요\n그 누구도 필요 없죠\n그저 나를 바라봐 준\n그댄 나의 선물이죠\n이젠 몰래 아파하지 말고\n내게 털어놔요\n모든 걸 줄게요\nMy love\n\n[Verse 3]\n괜찮은 척 애써 웃지 않아도 돼요\n나는 그저 그대 마음을\n위로하고 싶죠\n다른 의미 없이\n\n[Chorus]\n그대를 위해 저 달을 선물하고 싶어요\n선내미어요\n그댈 위한 거죠\n내가 많이 사랑해요\n그 누구도 필요 없죠\n그저 나를 바라봐 준\n그댄 나의 선물이죠\n이젠 몰래 아파하지 말고\n내게 털어놔요\n모든 걸 줄게요\n내 사랑해 줄게요\n\n[Chorus]\n내가 많이 사랑해요\n내가 많이 사랑해요\n그 누구도 필요 없죠\n그저 나를 바라봐 준\n그댄 나의 선물이죠\n이젠 몰래 아파하지 말고\n내게 털어놔요\n모든 걸 줄게요\n내 사랑해 줄게요\n내가 많이 사랑해요\n그 누구도 필요 없죠\n그저 나를 바라봐 준\n그댄 나의 선물이죠\n이젠 몰래 아파하지 말고\n내게 털어놔요\n모든 걸 줄게요\nMy love\n모든 걸 줄게요\nMy love"
			],
			"inputs":[
				{
					"shape":7,
					"name":"anything",
					"link":17,
					"label":"anything",
					"type":"*",
					"localized_name":"anything"
				}
			],
			"flags":{
				
			},
			"id":17,
			"type":"easy showAnything",
			"properties":{
				"widget_ue_connectable":{
					
				},
				"Node name for S&R":"easy showAnything"
			},
			"order":17
		},
		{
			"mode":0,
			"outputs":[
				{
					"name":"apikey",
					"links":[
						5,
						22
					],
					"label":"apikey",
					"type":"STRING",
					"localized_name":"apikey"
				}
			],
			"size":[
				270,
				106
			],
			"pos":[
				11.120796203613281,
				632.5588989257812
			],
			"widgets_values":[
				"zhenzhen",
				"",
				""
			],
			"inputs":[
				{
					"widget":{
						"name":"api_base"
					},
					"name":"api_base",
					"label":"api_base",
					"type":"COMBO",
					"localized_name":"api_base"
				},
				{
					"widget":{
						"name":"apikey"
					},
					"name":"apikey",
					"link":19,
					"label":"apikey",
					"type":"STRING",
					"localized_name":"apikey"
				},
				{
					"widget":{
						"name":"custom_ip"
					},
					"shape":7,
					"name":"custom_ip",
					"label":"custom_ip",
					"type":"STRING",
					"localized_name":"custom_ip"
				}
			],
			"flags":{
				
			},
			"id":7,
			"type":"Comfly_api_set",
			"properties":{
				"widget_ue_connectable":{
					
				},
				"Node name for S&R":"Comfly_api_set"
			},
			"order":13
		},
		{
			"mode":0,
			"outputs":[
				{
					"name":"prompt",
					"links":[
						26
					],
					"label":"prompt",
					"type":"STRING",
					"localized_name":"prompt"
				},
				{
					"name":"show_help",
					"label":"show_help",
					"type":"STRING",
					"localized_name":"show_help"
				}
			],
			"size":[
				400,
				200
			],
			"pos":[
				-600.7161254882812,
				864.2031860351562
			],
			"widgets_values":[
				"[Verse 1]\n무슨 일이 있었나요\n날 바라보는 그대 눈빛\n말하지 못할 고민이 있어 보여요\n\n[Verse 2]\n아름다운 그대 마음을\n누가 다치게 했나요\n내가 다 들어줄게요\n이젠\n\n[Chorus]\n내가 많이 사랑해요\n그 누구도 필요 없죠\n그저 나를 바라봐 준\n그댄 나의 선물이죠\n이젠 몰래 아파하지 말고\n내게 털어놔요\n모든 걸 줄게요\nMy love\n\n[Verse 3]\n괜찮은 척 애써 웃지 않아도 돼요\n나는 그저 그대 마음을\n위로하고 싶죠\n다른 의미 없이\n\n[Chorus]\n그대를 위해 저 달을 선물하고 싶어요\n선내미어요\n그댈 위한 거죠\n내가 많이 사랑해요\n그 누구도 필요 없죠\n그저 나를 바라봐 준\n그댄 나의 선물이죠\n이젠 몰래 아파하지 말고\n내게 털어놔요\n모든 걸 줄게요\n내 사랑해 줄게요\n\n[Chorus]\n내가 많이 사랑해요\n내가 많이 사랑해요\n그 누구도 필요 없죠\n그저 나를 바라봐 준\n그댄 나의 선물이죠\n이젠 몰래 아파하지 말고\n내게 털어놔요\n모든 걸 줄게요\n내 사랑해 줄게요\n내가 많이 사랑해요\n그 누구도 필요 없죠\n그저 나를 바라봐 준\n그댄 나의 선물이죠\n이젠 몰래 아파하지 말고\n내게 털어놔요\n모든 걸 줄게요\nMy love\n모든 걸 줄게요\nMy love"
			],
			"inputs":[
				{
					"widget":{
						"name":"prompt"
					},
					"name":"prompt",
					"label":"prompt",
					"type":"STRING",
					"localized_name":"prompt"
				}
			],
			"flags":{
				
			},
			"id":23,
			"type":"CR Prompt Text",
			"properties":{
				"widget_ue_connectable":{
					
				},
				"Node name for S&R":"CR Prompt Text"
			},
			"order":11
		}
	],
	"extra":{
		"links_added_by_ue":[
			
		],
		"ue_links":[
			
		],
		"0246.VERSION":[
			0,
			0,
			4
		],
		"ds":{
			"offset":[
				818.5249986175819,
				-466.9659034111072
			],
			"scale":1
		}
	},
	"groups":[
		{
			"color":"#3f789e",
			"font_size":240,
			"flags":{
				
			},
			"id":1,
			"title":"B站、Youtube：T8star-Aix",
			"bounding":[
				-863.1979370117188,
				-290.9212646484375,
				4168,
				309
			]
		}
	],
	"links":[
		[
			1,
			3,
			0,
			1,
			0,
			"STRING"
		],
		[
			3,
			1,
			0,
			5,
			0,
			"AUDIO"
		],
		[
			4,
			1,
			1,
			6,
			0,
			"AUDIO"
		],
		[
			5,
			7,
			0,
			1,
			6,
			"STRING"
		],
		[
			6,
			1,
			2,
			8,
			0,
			"*"
		],
		[
			7,
			1,
			3,
			9,
			0,
			"*"
		],
		[
			8,
			1,
			4,
			10,
			0,
			"*"
		],
		[
			9,
			1,
			5,
			11,
			0,
			"*"
		],
		[
			10,
			1,
			6,
			12,
			0,
			"*"
		],
		[
			11,
			1,
			8,
			13,
			0,
			"*"
		],
		[
			12,
			1,
			7,
			14,
			0,
			"*"
		],
		[
			13,
			1,
			9,
			15,
			0,
			"*"
		],
		[
			15,
			3,
			1,
			18,
			0,
			"*"
		],
		[
			16,
			3,
			2,
			19,
			0,
			"*"
		],
		[
			17,
			3,
			3,
			17,
			0,
			"*"
		],
		[
			18,
			3,
			4,
			20,
			0,
			"*"
		],
		[
			19,
			21,
			0,
			7,
			1,
			"STRING"
		],
		[
			22,
			7,
			0,
			3,
			1,
			"STRING"
		],
		[
			23,
			4,
			0,
			22,
			0,
			"AUDIO"
		],
		[
			24,
			22,
			0,
			3,
			0,
			"AUDIO"
		],
		[
			26,
			23,
			0,
			25,
			0,
			"*"
		],
		[
			27,
			3,
			3,
			25,
			1,
			"*"
		],
		[
			28,
			25,
			0,
			1,
			1,
			"STRING"
		],
		[
			29,
			24,
			0,
			1,
			2,
			"STRING"
		],
		[
			30,
			27,
			0,
			1,
			3,
			"STRING"
		]
	],
	"id":"6497529c-9ac8-4914-9ddd-39346ae15f76",
	"config":{
		
	},
	"version":0.4,
	"last_node_id":33,
	"revision":0
}