{
  "id": "6d15a653-5259-4548-a3bf-7c7d2a208f92",
  "revision": 0,
  "last_node_id": 13,
  "last_link_id": 16,
  "nodes": [
    {
      "id": 3,
      "type": "SaveImage",
      "pos": [
        1805.5032958984375,
        471.7521667480469
      ],
      "size": [
        270,
        270
      ],
      "flags": {},
      "order": 8,
      "mode": 0,
      "inputs": [
        {
          "label": "图像",
          "name": "images",
          "type": "IMAGE",
          "link": 10
        },
        {
          "label": "filename_prefix",
          "name": "filename_prefix",
          "type": "STRING",
          "widget": {
            "name": "filename_prefix"
          }
        }
      ],
      "outputs": [],
      "properties": {
        "cnr_id": "comfy-core",
        "ver": "0.3.65",
        "Node name for S&R": "SaveImage",
        "widget_ue_connectable": {}
      },
      "widgets_values": [
        "ComfyUI"
      ]
    },
    {
      "id": 6,
      "type": "ImageConcanate",
      "pos": [
        1778.678955078125,
        862.474365234375
      ],
      "size": [
        270,
        102
      ],
      "flags": {},
      "order": 9,
      "mode": 0,
      "inputs": [
        {
          "label": "图像_1",
          "name": "image1",
          "type": "IMAGE",
          "link": 7
        },
        {
          "label": "图像_2",
          "name": "image2",
          "type": "IMAGE",
          "link": 11
        },
        {
          "label": "direction",
          "name": "direction",
          "type": "COMBO",
          "widget": {
            "name": "direction"
          }
        },
        {
          "label": "match_image_size",
          "name": "match_image_size",
          "type": "BOOLEAN",
          "widget": {
            "name": "match_image_size"
          }
        }
      ],
      "outputs": [
        {
          "label": "图像",
          "name": "IMAGE",
          "type": "IMAGE",
          "links": [
            6
          ]
        }
      ],
      "properties": {
        "cnr_id": "comfyui-kjnodes",
        "ver": "3fcd22f2fe2be69c3229f192362b91888277cbcb",
        "Node name for S&R": "ImageConcanate",
        "widget_ue_connectable": {}
      },
      "widgets_values": [
        "right",
        true
      ]
    },
    {
      "id": 7,
      "type": "SaveImage",
      "pos": [
        2106.866455078125,
        781.2976684570312
      ],
      "size": [
        270,
        270
      ],
      "flags": {},
      "order": 10,
      "mode": 0,
      "inputs": [
        {
          "label": "图像",
          "name": "images",
          "type": "IMAGE",
          "link": 6
        },
        {
          "label": "filename_prefix",
          "name": "filename_prefix",
          "type": "STRING",
          "widget": {
            "name": "filename_prefix"
          }
        }
      ],
      "outputs": [],
      "properties": {
        "cnr_id": "comfy-core",
        "ver": "0.3.65",
        "Node name for S&R": "SaveImage",
        "widget_ue_connectable": {}
      },
      "widgets_values": [
        "ComfyUI"
      ]
    },
    {
      "id": 9,
      "type": "Note",
      "pos": [
        1358.6678466796875,
        1041.9178466796875
      ],
      "size": [
        491.5118713378906,
        281.2674865722656
      ],
      "flags": {},
      "order": 0,
      "mode": 0,
      "inputs": [],
      "outputs": [],
      "properties": {
        "widget_ue_connectable": {}
      },
      "widgets_values": [
        "\nAPI申请地址：https://ai.t8star.cn/\n注册送0.2美元，每日签到送签\n\n注册后，点击左侧令牌，创建令牌，用Default分组，不要用跟随用户分组！！\n然后复制API到APIKEY即可\n\n如需本地使用，请安装节点：https://github.com/T8mars/Comfyui-zhenzhen\n\n即梦4.0基准价格0.1\n\n"
      ],
      "color": "#432",
      "bgcolor": "#653"
    },
    {
      "id": 11,
      "type": "Note",
      "pos": [
        360.7076110839844,
        1068.9110107421875
      ],
      "size": [
        210,
        88
      ],
      "flags": {},
      "order": 1,
      "mode": 0,
      "inputs": [],
      "outputs": [],
      "properties": {
        "widget_ue_connectable": {}
      },
      "widgets_values": [
        "APIKEY"
      ],
      "color": "#432",
      "bgcolor": "#653"
    },
    {
      "id": 10,
      "type": "Note",
      "pos": [
        359.7777404785156,
        815.6326904296875
      ],
      "size": [
        210,
        88
      ],
      "flags": {},
      "order": 2,
      "mode": 0,
      "inputs": [],
      "outputs": [],
      "properties": {
        "widget_ue_connectable": {}
      },
      "widgets_values": [
        "文字"
      ],
      "color": "#432",
      "bgcolor": "#653"
    },
    {
      "id": 2,
      "type": "LoadImage",
      "pos": [
        573.45263671875,
        312.9618835449219
      ],
      "size": [
        274.080078125,
        314.0000305175781
      ],
      "flags": {},
      "order": 3,
      "mode": 0,
      "inputs": [
        {
          "label": "image",
          "name": "image",
          "type": "COMBO",
          "widget": {
            "name": "image"
          }
        },
        {
          "label": "upload",
          "name": "upload",
          "type": "IMAGEUPLOAD",
          "widget": {
            "name": "upload"
          }
        }
      ],
      "outputs": [
        {
          "label": "图像",
          "name": "IMAGE",
          "type": "IMAGE",
          "links": [
            7,
            12
          ]
        },
        {
          "label": "遮罩",
          "name": "MASK",
          "type": "MASK"
        }
      ],
      "properties": {
        "cnr_id": "comfy-core",
        "ver": "0.3.65",
        "Node name for S&R": "LoadImage",
        "widget_ue_connectable": {}
      },
      "widgets_values": [
        "ab43f74142a56b94561be9dfc62c21c86ee8855410887a532bab100d0d91d5b8.jpg",
        "image"
      ]
    },
    {
      "id": 12,
      "type": "Comfly_Doubao_Seedream_4",
      "pos": [
        1114.8028564453125,
        346.26556396484375
      ],
      "size": [
        400,
        480
      ],
      "flags": {},
      "order": 7,
      "mode": 0,
      "inputs": [
        {
          "label": "image1",
          "name": "image1",
          "shape": 7,
          "type": "IMAGE",
          "link": 12
        },
        {
          "label": "image2",
          "name": "image2",
          "shape": 7,
          "type": "IMAGE"
        },
        {
          "label": "image3",
          "name": "image3",
          "shape": 7,
          "type": "IMAGE"
        },
        {
          "label": "image4",
          "name": "image4",
          "shape": 7,
          "type": "IMAGE"
        },
        {
          "label": "image5",
          "name": "image5",
          "shape": 7,
          "type": "IMAGE"
        },
        {
          "label": "prompt",
          "name": "prompt",
          "type": "STRING",
          "widget": {
            "name": "prompt"
          },
          "link": 13
        },
        {
          "label": "model",
          "name": "model",
          "type": "STRING",
          "widget": {
            "name": "model"
          }
        },
        {
          "label": "response_format",
          "name": "response_format",
          "type": "COMBO",
          "widget": {
            "name": "response_format"
          }
        },
        {
          "label": "resolution",
          "name": "resolution",
          "type": "COMBO",
          "widget": {
            "name": "resolution"
          }
        },
        {
          "label": "aspect_ratio",
          "name": "aspect_ratio",
          "shape": 7,
          "type": "COMBO",
          "widget": {
            "name": "aspect_ratio"
          },
          "link": 15
        },
        {
          "label": "width",
          "name": "width",
          "shape": 7,
          "type": "INT",
          "widget": {
            "name": "width"
          }
        },
        {
          "label": "height",
          "name": "height",
          "shape": 7,
          "type": "INT",
          "widget": {
            "name": "height"
          }
        },
        {
          "label": "apikey",
          "name": "apikey",
          "shape": 7,
          "type": "STRING",
          "widget": {
            "name": "apikey"
          },
          "link": 16
        },
        {
          "label": "sequential_image_generation",
          "name": "sequential_image_generation",
          "shape": 7,
          "type": "COMBO",
          "widget": {
            "name": "sequential_image_generation"
          }
        },
        {
          "label": "max_images",
          "name": "max_images",
          "shape": 7,
          "type": "INT",
          "widget": {
            "name": "max_images"
          }
        },
        {
          "label": "seed",
          "name": "seed",
          "shape": 7,
          "type": "INT",
          "widget": {
            "name": "seed"
          }
        },
        {
          "label": "watermark",
          "name": "watermark",
          "shape": 7,
          "type": "BOOLEAN",
          "widget": {
            "name": "watermark"
          }
        },
        {
          "label": "stream",
          "name": "stream",
          "shape": 7,
          "type": "BOOLEAN",
          "widget": {
            "name": "stream"
          }
        }
      ],
      "outputs": [
        {
          "label": "image",
          "name": "image",
          "type": "IMAGE",
          "links": [
            10,
            11
          ]
        },
        {
          "label": "response",
          "name": "response",
          "type": "STRING"
        },
        {
          "label": "image_url",
          "name": "image_url",
          "type": "STRING"
        }
      ],
      "properties": {
        "cnr_id": "Comfyui_Comfly",
        "ver": "b3185506cac77694fb2130b2e6c978aaa5be111c",
        "Node name for S&R": "Comfly_Doubao_Seedream_4",
        "widget_ue_connectable": {}
      },
      "widgets_values": [
        "",
        "doubao-seedream-4-0-250828",
        "url",
        "4K",
        "16:9",
        1024,
        1024,
        "",
        "disabled",
        1,
        1143999552,
        "randomize",
        true,
        false
      ]
    },
    {
      "id": 4,
      "type": "CR Prompt Text",
      "pos": [
        587.0586547851562,
        717.5771484375
      ],
      "size": [
        400,
        200
      ],
      "flags": {},
      "order": 4,
      "mode": 0,
      "inputs": [
        {
          "label": "prompt",
          "name": "prompt",
          "type": "STRING",
          "widget": {
            "name": "prompt"
          }
        }
      ],
      "outputs": [
        {
          "label": "提示词文本",
          "name": "prompt",
          "type": "STRING",
          "links": [
            13
          ]
        },
        {
          "label": "show_help",
          "name": "show_help",
          "type": "STRING"
        }
      ],
      "properties": {
        "cnr_id": "ComfyUI_Comfyroll_CustomNodes",
        "ver": "d78b780ae43fcf8c6b7c6505e6ffb4584281ceca",
        "Node name for S&R": "CR Prompt Text",
        "widget_ue_connectable": {}
      },
      "widgets_values": [
        "女人衣服变成粉色"
      ]
    },
    {
      "id": 8,
      "type": "PrimitiveNode",
      "pos": [
        732.1812744140625,
        1298.1475830078125
      ],
      "size": [
        210,
        106
      ],
      "flags": {},
      "order": 5,
      "mode": 0,
      "inputs": [],
      "outputs": [
        {
          "label": "COMBO",
          "name": "COMBO",
          "type": "COMBO",
          "widget": {
            "name": "aspect_ratio"
          },
          "links": [
            15
          ]
        }
      ],
      "properties": {
        "Run widget replace on values": false,
        "widget_ue_connectable": {}
      },
      "widgets_values": [
        "16:9",
        "fixed",
        ""
      ]
    },
    {
      "id": 13,
      "type": "Comfly_api_set",
      "pos": [
        647.5350563678887,
        1012.8085898487423
      ],
      "size": [
        270,
        106
      ],
      "flags": {},
      "order": 6,
      "mode": 0,
      "inputs": [],
      "outputs": [
        {
          "name": "apikey",
          "type": "STRING",
          "links": [
            16
          ]
        }
      ],
      "properties": {
        "aux_id": "T8mars/Comfyui-zhenzhen",
        "ver": "adf9e0f39de29353810237fad96984456739fff3",
        "Node name for S&R": "Comfly_api_set"
      },
      "widgets_values": [
        "zhenzhen",
        "",
        ""
      ]
    }
  ],
  "links": [
    [
      6,
      6,
      0,
      7,
      0,
      "IMAGE"
    ],
    [
      7,
      2,
      0,
      6,
      0,
      "IMAGE"
    ],
    [
      10,
      12,
      0,
      3,
      0,
      "IMAGE"
    ],
    [
      11,
      12,
      0,
      6,
      1,
      "IMAGE"
    ],
    [
      12,
      2,
      0,
      12,
      0,
      "IMAGE"
    ],
    [
      13,
      4,
      0,
      12,
      5,
      "STRING"
    ],
    [
      15,
      8,
      0,
      12,
      9,
      "COMBO"
    ],
    [
      16,
      13,
      0,
      12,
      12,
      "STRING"
    ]
  ],
  "groups": [
    {
      "id": 1,
      "title": "B站、Youtube：T8star-Aix",
      "bounding": [
        475.075439453125,
        -101.74717712402344,
        4168,
        309
      ],
      "color": "#3f789e",
      "font_size": 240,
      "flags": {}
    }
  ],
  "config": {},
  "extra": {
    "ds": {
      "scale": 1.0610764609500014,
      "offset": [
        -296.3128367862003,
        -395.59273431006505
      ]
    },
    "links_added_by_ue": [],
    "ue_links": [],
    "0246.VERSION": [
      0,
      0,
      4
    ],
    "frontendVersion": "1.28.7",
    "VHS_latentpreview": true,
    "VHS_latentpreviewrate": 0,
    "VHS_MetadataImage": true,
    "VHS_KeepIntermediate": true
  },
  "version": 0.4
}