{
	"last_link_id":9,
	"nodes":[
		{
			"mode":0,
			"outputs":[
				{
					"name":"output",
					"label":"output",
					"type":"*",
					"localized_name":"output"
				}
			],
			"size":[
				140,
				76.00000762939453
			],
			"pos":[
				610.99951171875,
				-242.08160400390625
			],
			"widgets_values":[
				""
			],
			"inputs":[
				{
					"shape":7,
					"name":"anything",
					"link":1,
					"label":"anything",
					"type":"*",
					"localized_name":"anything"
				}
			],
			"flags":{
				
			},
			"id":1,
			"type":"easy showAnything",
			"properties":{
				"widget_ue_connectable":{
					
				},
				"Node name for S&R":"easy showAnything"
			},
			"order":9
		},
		{
			"mode":0,
			"outputs":[
				{
					"name":"output",
					"label":"output",
					"type":"*",
					"localized_name":"output"
				}
			],
			"size":[
				140,
				76
			],
			"pos":[
				588.2281494140625,
				28.615575790405273
			],
			"widgets_values":[
				""
			],
			"inputs":[
				{
					"shape":7,
					"name":"anything",
					"link":2,
					"label":"anything",
					"type":"*",
					"localized_name":"anything"
				}
			],
			"flags":{
				
			},
			"id":2,
			"type":"easy showAnything",
			"properties":{
				"widget_ue_connectable":{
					
				},
				"Node name for S&R":"easy showAnything"
			},
			"order":11
		},
		{
			"mode":0,
			"outputs":[
				{
					"name":"output",
					"label":"output",
					"type":"*",
					"localized_name":"output"
				}
			],
			"size":[
				140,
				76
			],
			"pos":[
				552.3255004882812,
				175.3203125
			],
			"widgets_values":[
				""
			],
			"inputs":[
				{
					"shape":7,
					"name":"anything",
					"link":3,
					"label":"anything",
					"type":"*",
					"localized_name":"anything"
				}
			],
			"flags":{
				
			},
			"id":3,
			"type":"easy showAnything",
			"properties":{
				"widget_ue_connectable":{
					
				},
				"Node name for S&R":"easy showAnything"
			},
			"order":12
		},
		{
			"mode":0,
			"outputs":[
				{
					"name":"output",
					"label":"output",
					"type":"*",
					"localized_name":"output"
				}
			],
			"size":[
				229.7264404296875,
				210.94017028808594
			],
			"pos":[
				816.1077270507812,
				151.87664794921875
			],
			"widgets_values":[
				"{\"status\": \"error\", \"message\": \"API key not provided or not found in config\"}"
			],
			"inputs":[
				{
					"shape":7,
					"name":"anything",
					"link":4,
					"label":"anything",
					"type":"*",
					"localized_name":"anything"
				}
			],
			"flags":{
				
			},
			"id":4,
			"type":"easy showAnything",
			"properties":{
				"widget_ue_connectable":{
					
				},
				"Node name for S&R":"easy showAnything"
			},
			"order":13
		},
		{
			"mode":0,
			"outputs":[
				{
					"name":"output",
					"label":"output",
					"type":"*",
					"localized_name":"output"
				}
			],
			"size":[
				140,
				76.00001525878906
			],
			"pos":[
				797.7493286132812,
				-130.05972290039062
			],
			"widgets_values":[
				""
			],
			"inputs":[
				{
					"shape":7,
					"name":"anything",
					"link":6,
					"label":"anything",
					"type":"*",
					"localized_name":"anything"
				}
			],
			"flags":{
				
			},
			"id":7,
			"type":"easy showAnything",
			"properties":{
				"widget_ue_connectable":{
					
				},
				"Node name for S&R":"easy showAnything"
			},
			"order":10
		},
		{
			"mode":0,
			"outputs":[
				
			],
			"size":[
				270,
				58
			],
			"pos":[
				476.8854064941406,
				721.3435668945312
			],
			"widgets_values":[
				"ComfyUI"
			],
			"inputs":[
				{
					"name":"images",
					"link":7,
					"label":"images",
					"type":"IMAGE",
					"localized_name":"images"
				},
				{
					"widget":{
						"name":"filename_prefix"
					},
					"name":"filename_prefix",
					"label":"filename_prefix",
					"type":"STRING",
					"localized_name":"filename_prefix"
				}
			],
			"flags":{
				
			},
			"id":8,
			"type":"SaveImage",
			"properties":{
				"widget_ue_connectable":{
					
				},
				"Node name for S&R":"SaveImage"
			},
			"order":7
		},
		{
			"mode":0,
			"outputs":[
				{
					"name":"IMAGE",
					"links":[
						7
					],
					"label":"IMAGE",
					"type":"IMAGE",
					"localized_name":"IMAGE"
				},
				{
					"name":"MASK",
					"label":"MASK",
					"type":"MASK",
					"localized_name":"MASK"
				}
			],
			"size":[
				274.080078125,
				314
			],
			"pos":[
				93.12088012695312,
				691.3609619140625
			],
			"widgets_values":[
				"538fd0cf5f2aaf1ce12c01aeb1e225dfdfd871abc5bb9ee9469d9661c70110bd.jpg",
				"image"
			],
			"inputs":[
				{
					"widget":{
						"name":"image"
					},
					"name":"image",
					"label":"image",
					"type":"COMBO",
					"localized_name":"image"
				},
				{
					"widget":{
						"name":"upload"
					},
					"name":"upload",
					"label":"upload",
					"type":"IMAGEUPLOAD",
					"localized_name":"choose file to upload"
				}
			],
			"flags":{
				
			},
			"id":9,
			"type":"LoadImage",
			"properties":{
				"widget_ue_connectable":{
					
				},
				"Node name for S&R":"LoadImage"
			},
			"order":0
		},
		{
			"outputs":[
				
			],
			"color":"#432",
			"widgets_values":[
				"APIKEY"
			],
			"inputs":[
				
			],
			"flags":{
				
			},
			"type":"Note",
			"mode":0,
			"bgcolor":"#653",
			"size":[
				140,
				60
			],
			"pos":[
				-580.1810302734375,
				267.77947998046875
			],
			"id":11,
			"properties":{
				
			},
			"order":1
		},
		{
			"mode":0,
			"outputs":[
				{
					"name":"character_id",
					"links":[
						1
					],
					"label":"character_id",
					"type":"STRING",
					"localized_name":"character_id"
				},
				{
					"name":"username",
					"links":[
						6
					],
					"label":"username",
					"type":"STRING",
					"localized_name":"username"
				},
				{
					"name":"permalink",
					"links":[
						2
					],
					"label":"permalink",
					"type":"STRING",
					"localized_name":"permalink"
				},
				{
					"name":"profile_picture_url",
					"links":[
						3
					],
					"label":"profile_picture_url",
					"type":"STRING",
					"localized_name":"profile_picture_url"
				},
				{
					"name":"response",
					"links":[
						4
					],
					"label":"response",
					"type":"STRING",
					"localized_name":"response"
				}
			],
			"size":[
				448.6723327636719,
				255.45933532714844
			],
			"pos":[
				65.63053131103516,
				-232.83106994628906
			],
			"widgets_values":[
				"https://midjourney-plus.oss-us-west-1.aliyuncs.com/sora/39cf59c1-354f-4ba3-88d6-5abebc14c0b8.mp4",
				"1,3",
				619200431,
				"randomize",
				""
			],
			"inputs":[
				{
					"widget":{
						"name":"video_url"
					},
					"name":"video_url",
					"link":8,
					"label":"video_url",
					"type":"STRING",
					"localized_name":"video_url"
				},
				{
					"widget":{
						"name":"timestamps"
					},
					"name":"timestamps",
					"link":9,
					"label":"timestamps",
					"type":"STRING",
					"localized_name":"timestamps"
				},
				{
					"widget":{
						"name":"seed"
					},
					"name":"seed",
					"label":"seed",
					"type":"INT",
					"localized_name":"seed"
				},
				{
					"widget":{
						"name":"api_key"
					},
					"shape":7,
					"name":"api_key",
					"link":5,
					"label":"api_key",
					"type":"STRING",
					"localized_name":"api_key"
				}
			],
			"flags":{
				
			},
			"id":6,
			"type":"Comfly_sora2_character",
			"properties":{
				"widget_ue_connectable":{
					
				},
				"Node name for S&R":"Comfly_sora2_character"
			},
			"order":8
		},
		{
			"outputs":[
				
			],
			"color":"#432",
			"widgets_values":[
				"https://ai.t8star.cn/register?aff=dP7j 获取API地址\n角色创建0.01积分\n\n注册送0.2，每日签到也送\n\n生成的usename保存下来，后续就可以直接@使用了，支持多角色\n\nURL部分需要用图床，但是不是每个图床都支持，最好的办法， 先用我们的API生成一个SORA2视频，他会有个MP4地址\n\n比如：https://midjourney-plus.oss-us-west-1.aliyuncs.com/sora/39cf59c1-354f-4ba3-88d6-5abebc14c0b8.mp4\n\n让后复制下即可，就能获得新的USERNAME"
			],
			"inputs":[
				
			],
			"flags":{
				
			},
			"type":"Note",
			"mode":0,
			"bgcolor":"#653",
			"size":[
				336.83209228515625,
				212.74664306640625
			],
			"pos":[
				-436.794677734375,
				-371.871337890625
			],
			"id":10,
			"properties":{
				
			},
			"order":2
		},
		{
			"mode":0,
			"outputs":[
				{
					"name":"prompt",
					"links":[
						8
					],
					"label":"prompt",
					"type":"STRING",
					"localized_name":"prompt"
				},
				{
					"name":"show_help",
					"label":"show_help",
					"type":"STRING",
					"localized_name":"show_help"
				}
			],
			"size":[
				400,
				200
			],
			"pos":[
				-415.03973388671875,
				-93.55809783935547
			],
			"widgets_values":[
				"https://midjourney-plus.oss-us-west-1.aliyuncs.com/sora/39cf59c1-354f-4ba3-88d6-5abebc14c0b8.mp4"
			],
			"inputs":[
				{
					"widget":{
						"name":"prompt"
					},
					"name":"prompt",
					"label":"prompt",
					"type":"STRING",
					"localized_name":"prompt"
				}
			],
			"flags":{
				
			},
			"id":12,
			"type":"CR Prompt Text",
			"properties":{
				"widget_ue_connectable":{
					
				},
				"Node name for S&R":"CR Prompt Text"
			},
			"order":3
		},
		{
			"mode":0,
			"outputs":[
				{
					"name":"apikey",
					"links":[
						5
					],
					"label":"apikey",
					"type":"STRING",
					"localized_name":"apikey"
				}
			],
			"size":[
				270,
				106
			],
			"pos":[
				-355.2746887207031,
				239.89669799804688
			],
			"widgets_values":[
				"zhenzhen",
				"",
				""
			],
			"inputs":[
				{
					"widget":{
						"name":"api_base"
					},
					"name":"api_base",
					"label":"api_base",
					"type":"COMBO",
					"localized_name":"api_base"
				},
				{
					"widget":{
						"name":"apikey"
					},
					"name":"apikey",
					"label":"apikey",
					"type":"STRING",
					"localized_name":"apikey"
				},
				{
					"widget":{
						"name":"custom_ip"
					},
					"shape":7,
					"name":"custom_ip",
					"label":"custom_ip",
					"type":"STRING",
					"localized_name":"custom_ip"
				}
			],
			"flags":{
				
			},
			"id":5,
			"type":"Comfly_api_set",
			"properties":{
				"widget_ue_connectable":{
					
				},
				"Node name for S&R":"Comfly_api_set"
			},
			"order":4
		},
		{
			"outputs":[
				
			],
			"color":"#432",
			"widgets_values":[
				"timestamps代表获取URL视频的其中几秒中的角色，1,3意思就是1-3秒，以此类推"
			],
			"inputs":[
				
			],
			"flags":{
				
			},
			"type":"Note",
			"mode":0,
			"bgcolor":"#653",
			"size":[
				279.7445373535156,
				167.43801879882812
			],
			"pos":[
				-807.3372192382812,
				468.12127685546875
			],
			"id":15,
			"properties":{
				
			},
			"order":5
		},
		{
			"mode":0,
			"outputs":[
				{
					"name":"prompt",
					"links":[
						9
					],
					"label":"prompt",
					"type":"STRING",
					"localized_name":"prompt"
				},
				{
					"name":"show_help",
					"label":"show_help",
					"type":"STRING",
					"localized_name":"show_help"
				}
			],
			"size":[
				400,
				200
			],
			"pos":[
				-480.8764343261719,
				449.3103942871094
			],
			"widgets_values":[
				"1,3"
			],
			"inputs":[
				{
					"widget":{
						"name":"prompt"
					},
					"name":"prompt",
					"label":"prompt",
					"type":"STRING",
					"localized_name":"prompt"
				}
			],
			"flags":{
				
			},
			"id":14,
			"type":"CR Prompt Text",
			"properties":{
				"widget_ue_connectable":{
					
				},
				"Node name for S&R":"CR Prompt Text"
			},
			"order":6
		}
	],
	"extra":{
		"links_added_by_ue":[
			
		],
		"ue_links":[
			
		],
		"0246.VERSION":[
			0,
			0,
			4
		],
		"ds":{
			"offset":[
				962.312473977259,
				138.71353645147883
			],
			"scale":1.2100000000000002
		}
	},
	"groups":[
		{
			"color":"#3f789e",
			"font_size":240,
			"flags":{
				
			},
			"id":1,
			"title":"B站、Youtube：T8star-Aix",
			"bounding":[
				-1190.4468994140625,
				-843.2678833007812,
				4168,
				309
			]
		},
		{
			"color":"#3f789e",
			"font_size":24,
			"flags":{
				
			},
			"id":2,
			"title":"这个组不要管",
			"bounding":[
				83.12088012695312,
				617.760986328125,
				673.7645263671875,
				397.6000061035156
			]
		}
	],
	"links":[
		[
			1,
			6,
			0,
			1,
			0,
			"*"
		],
		[
			2,
			6,
			2,
			2,
			0,
			"*"
		],
		[
			3,
			6,
			3,
			3,
			0,
			"*"
		],
		[
			4,
			6,
			4,
			4,
			0,
			"*"
		],
		[
			5,
			5,
			0,
			6,
			3,
			"STRING"
		],
		[
			6,
			6,
			1,
			7,
			0,
			"*"
		],
		[
			7,
			9,
			0,
			8,
			0,
			"IMAGE"
		],
		[
			8,
			12,
			0,
			6,
			0,
			"STRING"
		],
		[
			9,
			14,
			0,
			6,
			1,
			"STRING"
		]
	],
	"id":"e0ba0a0e-9111-4cde-97b8-942d09b2fb34",
	"config":{
		
	},
	"version":0.4,
	"last_node_id":15,
	"revision":0
}