{
	"last_link_id":14,
	"nodes":[
		{
			"mode":4,
			"outputs":[
				{
					"name":"output",
					"label":"output",
					"type":"*",
					"localized_name":"output"
				}
			],
			"size":[
				140,
				76.00000762939453
			],
			"pos":[
				932.5219116210938,
				13.3652925491333
			],
			"widgets_values":[
				"ch_6919c376d2fc81918b5d0c29d99076c7"
			],
			"inputs":[
				{
					"shape":7,
					"name":"anything",
					"link":1,
					"label":"anything",
					"type":"*",
					"localized_name":"anything"
				}
			],
			"flags":{
				
			},
			"id":2,
			"type":"easy showAnything",
			"properties":{
				"widget_ue_connectable":{
					
				},
				"Node name for S&R":"easy showAnything"
			},
			"order":12
		},
		{
			"mode":4,
			"outputs":[
				{
					"name":"output",
					"label":"output",
					"type":"*",
					"localized_name":"output"
				}
			],
			"size":[
				140,
				76
			],
			"pos":[
				909.7505493164062,
				284.0624694824219
			],
			"widgets_values":[
				"https://sora.chatgpt.com/profile/otkdavhcb.harustrate"
			],
			"inputs":[
				{
					"shape":7,
					"name":"anything",
					"link":3,
					"label":"anything",
					"type":"*",
					"localized_name":"anything"
				}
			],
			"flags":{
				
			},
			"id":4,
			"type":"easy showAnything",
			"properties":{
				"widget_ue_connectable":{
					
				},
				"Node name for S&R":"easy showAnything"
			},
			"order":14
		},
		{
			"mode":4,
			"outputs":[
				{
					"name":"output",
					"label":"output",
					"type":"*",
					"localized_name":"output"
				}
			],
			"size":[
				140,
				76
			],
			"pos":[
				873.847900390625,
				430.7672119140625
			],
			"widgets_values":[
				"https://videos.openai.com/az/files/00000000-4bd8-71f7-b34e-ce6c933a0ef9%2Fraw?se=2025-11-20T00%3A00%3A00Z&sp=r&sv=2024-08-04&sr=b&skoid=8ffff87a-01f1-47c9-9090-32999d4d6380&sktid=a48cca56-e6da-484e-a814-9c849652bcb3&skt=2025-11-16T01%3A30%3A51Z&ske=2025-11-23T01%3A35%3A51Z&sks=b&skv=2024-08-04&sig=TIIGYAjLK3FlcNFgbVJm68N6jTWw7/Fe2ezNsfoKAfI%3D&ac=oaisdmntprsouthcentralus"
			],
			"inputs":[
				{
					"shape":7,
					"name":"anything",
					"link":4,
					"label":"anything",
					"type":"*",
					"localized_name":"anything"
				}
			],
			"flags":{
				
			},
			"id":5,
			"type":"easy showAnything",
			"properties":{
				"widget_ue_connectable":{
					
				},
				"Node name for S&R":"easy showAnything"
			},
			"order":15
		},
		{
			"mode":4,
			"outputs":[
				{
					"name":"output",
					"label":"output",
					"type":"*",
					"localized_name":"output"
				}
			],
			"size":[
				229.7264404296875,
				210.94017028808594
			],
			"pos":[
				1137.630126953125,
				407.32354736328125
			],
			"widgets_values":[
				"{\"status\": \"success\", \"character_id\": \"ch_6919c376d2fc81918b5d0c29d99076c7\", \"username\": \"otkdavhcb.harustrate\", \"permalink\": \"https://sora.chatgpt.com/profile/otkdavhcb.harustrate\", \"profile_picture_url\": \"https://videos.openai.com/az/files/00000000-4bd8-71f7-b34e-ce6c933a0ef9%2Fraw?se=2025-11-20T00%3A00%3A00Z&sp=r&sv=2024-08-04&sr=b&skoid=8ffff87a-01f1-47c9-9090-32999d4d6380&sktid=a48cca56-e6da-484e-a814-9c849652bcb3&skt=2025-11-16T01%3A30%3A51Z&ske=2025-11-23T01%3A35%3A51Z&sks=b&skv=2024-08-04&sig=TIIGYAjLK3FlcNFgbVJm68N6jTWw7/Fe2ezNsfoKAfI%3D&ac=oaisdmntprsouthcentralus\", \"video_url\": \"https://midjourney-plus.oss-us-west-1.aliyuncs.com/sora/39cf59c1-354f-4ba3-88d6-5abebc14c0b8.mp4\", \"timestamps\": \"1,3\", \"duration\": \"2.0s\", \"seed\": 354200145}"
			],
			"inputs":[
				{
					"shape":7,
					"name":"anything",
					"link":5,
					"label":"anything",
					"type":"*",
					"localized_name":"anything"
				}
			],
			"flags":{
				
			},
			"id":6,
			"type":"easy showAnything",
			"properties":{
				"widget_ue_connectable":{
					
				},
				"Node name for S&R":"easy showAnything"
			},
			"order":16
		},
		{
			"mode":4,
			"outputs":[
				{
					"name":"output",
					"label":"output",
					"type":"*",
					"localized_name":"output"
				}
			],
			"size":[
				140,
				76.00001525878906
			],
			"pos":[
				1119.271728515625,
				125.38717651367188
			],
			"widgets_values":[
				"otkdavhcb.harustrate"
			],
			"inputs":[
				{
					"shape":7,
					"name":"anything",
					"link":2,
					"label":"anything",
					"type":"*",
					"localized_name":"anything"
				}
			],
			"flags":{
				
			},
			"id":3,
			"type":"easy showAnything",
			"properties":{
				"widget_ue_connectable":{
					
				},
				"Node name for S&R":"easy showAnything"
			},
			"order":13
		},
		{
			"mode":0,
			"outputs":[
				
			],
			"size":[
				406.7393493652344,
				362.2025451660156
			],
			"pos":[
				2042.008056640625,
				124.52483367919922
			],
			"widgets_values":[
				"video/ComfyUI",
				"auto",
				"auto"
			],
			"inputs":[
				{
					"name":"video",
					"link":9,
					"label":"video",
					"type":"VIDEO",
					"localized_name":"video"
				},
				{
					"widget":{
						"name":"filename_prefix"
					},
					"name":"filename_prefix",
					"label":"filename_prefix",
					"type":"STRING",
					"localized_name":"filename_prefix"
				},
				{
					"widget":{
						"name":"format"
					},
					"name":"format",
					"label":"format",
					"type":"COMBO",
					"localized_name":"format"
				},
				{
					"widget":{
						"name":"codec"
					},
					"name":"codec",
					"label":"codec",
					"type":"COMBO",
					"localized_name":"codec"
				}
			],
			"flags":{
				
			},
			"id":10,
			"type":"SaveVideo",
			"properties":{
				"widget_ue_connectable":{
					
				},
				"Node name for S&R":"SaveVideo"
			},
			"order":17
		},
		{
			"mode":0,
			"outputs":[
				{
					"name":"IMAGE",
					"links":[
						8
					],
					"label":"IMAGE",
					"type":"IMAGE",
					"localized_name":"IMAGE"
				},
				{
					"name":"MASK",
					"label":"MASK",
					"type":"MASK",
					"localized_name":"MASK"
				}
			],
			"size":[
				274.080078125,
				314
			],
			"pos":[
				1374.190185546875,
				-108.20156860351562
			],
			"widgets_values":[
				"64d198c2278102528860e19bb0eae75970f52ee838fe093d945b62df7dfb7cf3.jpg",
				"image"
			],
			"inputs":[
				{
					"widget":{
						"name":"image"
					},
					"name":"image",
					"label":"image",
					"type":"COMBO",
					"localized_name":"image"
				},
				{
					"widget":{
						"name":"upload"
					},
					"name":"upload",
					"label":"upload",
					"type":"IMAGEUPLOAD",
					"localized_name":"choose file to upload"
				}
			],
			"flags":{
				
			},
			"id":9,
			"type":"LoadImage",
			"properties":{
				"widget_ue_connectable":{
					
				},
				"Node name for S&R":"LoadImage"
			},
			"order":0
		},
		{
			"outputs":[
				
			],
			"color":"#432",
			"widgets_values":[
				"APIKEY"
			],
			"inputs":[
				
			],
			"flags":{
				
			},
			"type":"Note",
			"mode":0,
			"bgcolor":"#653",
			"size":[
				210,
				88
			],
			"pos":[
				-49.75048065185547,
				638.3348388671875
			],
			"id":13,
			"properties":{
				"widget_ue_connectable":{
					
				}
			},
			"order":1
		},
		{
			"mode":4,
			"outputs":[
				{
					"name":"prompt",
					"links":[
						12
					],
					"label":"prompt",
					"type":"STRING",
					"localized_name":"prompt"
				},
				{
					"name":"show_help",
					"label":"show_help",
					"type":"STRING",
					"localized_name":"show_help"
				}
			],
			"size":[
				400,
				200
			],
			"pos":[
				-433.18212890625,
				88.6401596069336
			],
			"widgets_values":[
				"https://midjourney-plus.oss-us-west-1.aliyuncs.com/sora/39cf59c1-354f-4ba3-88d6-5abebc14c0b8.mp4"
			],
			"inputs":[
				{
					"widget":{
						"name":"prompt"
					},
					"name":"prompt",
					"label":"prompt",
					"type":"STRING",
					"localized_name":"prompt"
				}
			],
			"flags":{
				
			},
			"id":16,
			"type":"CR Prompt Text",
			"properties":{
				"widget_ue_connectable":{
					
				},
				"Node name for S&R":"CR Prompt Text"
			},
			"order":2
		},
		{
			"mode":4,
			"outputs":[
				{
					"name":"character_id",
					"links":[
						1
					],
					"label":"character_id",
					"type":"STRING",
					"localized_name":"character_id"
				},
				{
					"name":"username",
					"links":[
						2
					],
					"label":"username",
					"type":"STRING",
					"localized_name":"username"
				},
				{
					"name":"permalink",
					"links":[
						3
					],
					"label":"permalink",
					"type":"STRING",
					"localized_name":"permalink"
				},
				{
					"name":"profile_picture_url",
					"links":[
						4
					],
					"label":"profile_picture_url",
					"type":"STRING",
					"localized_name":"profile_picture_url"
				},
				{
					"name":"response",
					"links":[
						5
					],
					"label":"response",
					"type":"STRING",
					"localized_name":"response"
				}
			],
			"size":[
				448.6723327636719,
				255.45933532714844
			],
			"pos":[
				387.1529235839844,
				22.615819931030273
			],
			"widgets_values":[
				"https://midjourney-plus.oss-us-west-1.aliyuncs.com/sora/39cf59c1-354f-4ba3-88d6-5abebc14c0b8.mp4",
				"1,3",
				1666989106,
				"randomize",
				""
			],
			"inputs":[
				{
					"widget":{
						"name":"video_url"
					},
					"name":"video_url",
					"link":12,
					"label":"video_url",
					"type":"STRING",
					"localized_name":"video_url"
				},
				{
					"widget":{
						"name":"timestamps"
					},
					"name":"timestamps",
					"link":13,
					"label":"timestamps",
					"type":"STRING",
					"localized_name":"timestamps"
				},
				{
					"widget":{
						"name":"seed"
					},
					"name":"seed",
					"label":"seed",
					"type":"INT",
					"localized_name":"seed"
				},
				{
					"widget":{
						"name":"api_key"
					},
					"shape":7,
					"name":"api_key",
					"link":6,
					"label":"api_key",
					"type":"STRING",
					"localized_name":"api_key"
				}
			],
			"flags":{
				
			},
			"id":1,
			"type":"Comfly_sora2_character",
			"properties":{
				"widget_ue_connectable":{
					
				},
				"Node name for S&R":"Comfly_sora2_character"
			},
			"order":10
		},
		{
			"mode":4,
			"outputs":[
				{
					"name":"prompt",
					"links":[
						13
					],
					"label":"prompt",
					"type":"STRING",
					"localized_name":"prompt"
				},
				{
					"name":"show_help",
					"label":"show_help",
					"type":"STRING",
					"localized_name":"show_help"
				}
			],
			"size":[
				400,
				200
			],
			"pos":[
				-504.06494140625,
				388.9068603515625
			],
			"widgets_values":[
				"1,3"
			],
			"inputs":[
				{
					"widget":{
						"name":"prompt"
					},
					"name":"prompt",
					"label":"prompt",
					"type":"STRING",
					"localized_name":"prompt"
				}
			],
			"flags":{
				
			},
			"id":17,
			"type":"CR Prompt Text",
			"properties":{
				"widget_ue_connectable":{
					
				},
				"Node name for S&R":"CR Prompt Text"
			},
			"order":3
		},
		{
			"outputs":[
				
			],
			"color":"#432",
			"widgets_values":[
				"timestamps代表获取URL视频的其中几秒中的角色，1,3意思就是1-3秒，以此类推"
			],
			"inputs":[
				
			],
			"flags":{
				
			},
			"type":"Note",
			"mode":0,
			"bgcolor":"#653",
			"size":[
				279.7445373535156,
				167.43801879882812
			],
			"pos":[
				-847.914306640625,
				401.22027587890625
			],
			"id":14,
			"properties":{
				"widget_ue_connectable":{
					
				}
			},
			"order":4
		},
		{
			"outputs":[
				
			],
			"color":"#432",
			"widgets_values":[
				"https://ai.t8star.cn/register?aff=dP7j 获取API地址\n角色创建0.01积分\n\n注册送0.2，每日签到也送\n\n生成的usename保存下来，后续就可以直接@使用了，支持多角色\n\nURL部分需要用图床，但是不是每个图床都支持，最好的办法， 先用我们的API生成一个SORA2视频，他会有个MP4地址\n\n比如：https://midjourney-plus.oss-us-west-1.aliyuncs.com/sora/39cf59c1-354f-4ba3-88d6-5abebc14c0b8.mp4\n\n让后复制下即可，就能获得新的USERNAME"
			],
			"inputs":[
				
			],
			"flags":{
				
			},
			"type":"Note",
			"mode":0,
			"bgcolor":"#653",
			"size":[
				336.83209228515625,
				212.74664306640625
			],
			"pos":[
				-836.6348876953125,
				77.08770751953125
			],
			"id":15,
			"properties":{
				"widget_ue_connectable":{
					
				}
			},
			"order":5
		},
		{
			"outputs":[
				
			],
			"color":"#432",
			"widgets_values":[
				"可以不要这个图片"
			],
			"inputs":[
				
			],
			"flags":{
				
			},
			"type":"Note",
			"mode":0,
			"bgcolor":"#653",
			"size":[
				140,
				60
			],
			"pos":[
				1736.4434814453125,
				-21.94367027282715
			],
			"id":18,
			"properties":{
				
			},
			"order":6
		},
		{
			"outputs":[
				
			],
			"color":"#432",
			"widgets_values":[
				"username，请保存下来"
			],
			"inputs":[
				
			],
			"flags":{
				
			},
			"type":"Note",
			"mode":0,
			"bgcolor":"#653",
			"size":[
				140,
				60
			],
			"pos":[
				958.4194946289062,
				149.47164916992188
			],
			"id":19,
			"properties":{
				
			},
			"order":7
		},
		{
			"mode":0,
			"outputs":[
				{
					"name":"output",
					"label":"output",
					"type":"*",
					"localized_name":"output"
				}
			],
			"size":[
				140,
				76
			],
			"pos":[
				1851.1419677734375,
				982.4513549804688
			],
			"widgets_values":[
				"{\"status\": \"success\", \"task_id\": \"video_9d06b288-56a4-499e-8ee8-d6c29515f8d1\", \"prompt\": \"@otkdavhcb.harustrate @gbtgqfohr.sayurisnow \\u5728\\u96ea\\u5730\\u91cc\\u62e5\\u62b1\", \"model\": \"sora-2\", \"aspect_ratio\": \"16:9\", \"duration\": \"15\", \"hd\": false, \"private\": true, \"video_url\": \"https://midjourney-plus.oss-us-west-1.aliyuncs.com/sora/e474aab1-bb7e-41fa-9831-cb313888e19f.mp4\"}"
			],
			"inputs":[
				{
					"shape":7,
					"name":"anything",
					"link":11,
					"label":"anything",
					"type":"*",
					"localized_name":"anything"
				}
			],
			"flags":{
				
			},
			"id":12,
			"type":"easy showAnything",
			"properties":{
				"widget_ue_connectable":{
					
				},
				"Node name for S&R":"easy showAnything"
			},
			"order":19
		},
		{
			"mode":0,
			"outputs":[
				{
					"name":"output",
					"label":"output",
					"type":"*",
					"localized_name":"output"
				}
			],
			"size":[
				388.3685302734375,
				167.44479370117188
			],
			"pos":[
				2087.293701171875,
				722.37158203125
			],
			"widgets_values":[
				"https://midjourney-plus.oss-us-west-1.aliyuncs.com/sora/e474aab1-bb7e-41fa-9831-cb313888e19f.mp4"
			],
			"inputs":[
				{
					"shape":7,
					"name":"anything",
					"link":10,
					"label":"anything",
					"type":"*",
					"localized_name":"anything"
				}
			],
			"flags":{
				
			},
			"id":11,
			"type":"easy showAnything",
			"properties":{
				"widget_ue_connectable":{
					
				},
				"Node name for S&R":"easy showAnything"
			},
			"order":18
		},
		{
			"mode":0,
			"outputs":[
				{
					"name":"apikey",
					"links":[
						6,
						7
					],
					"label":"apikey",
					"type":"STRING",
					"localized_name":"apikey"
				}
			],
			"size":[
				270,
				106
			],
			"pos":[
				200.5450897216797,
				612.4674682617188
			],
			"widgets_values":[
				"zhenzhen",
				"",
				""
			],
			"inputs":[
				{
					"widget":{
						"name":"api_base"
					},
					"name":"api_base",
					"label":"api_base",
					"type":"COMBO",
					"localized_name":"api_base"
				},
				{
					"widget":{
						"name":"apikey"
					},
					"name":"apikey",
					"label":"apikey",
					"type":"STRING",
					"localized_name":"apikey"
				},
				{
					"widget":{
						"name":"custom_ip"
					},
					"shape":7,
					"name":"custom_ip",
					"label":"custom_ip",
					"type":"STRING",
					"localized_name":"custom_ip"
				}
			],
			"flags":{
				
			},
			"id":7,
			"type":"Comfly_api_set",
			"properties":{
				"widget_ue_connectable":{
					
				},
				"Node name for S&R":"Comfly_api_set"
			},
			"order":8
		},
		{
			"mode":0,
			"outputs":[
				{
					"name":"video",
					"links":[
						9
					],
					"label":"video",
					"type":"VIDEO",
					"localized_name":"video"
				},
				{
					"name":"video_url",
					"links":[
						10
					],
					"label":"video_url",
					"type":"STRING",
					"localized_name":"video_url"
				},
				{
					"name":"response",
					"links":[
						11
					],
					"label":"response",
					"type":"STRING",
					"localized_name":"response"
				}
			],
			"size":[
				400,
				340
			],
			"pos":[
				1481.2939453125,
				433.73968505859375
			],
			"widgets_values":[
				"@otkdavhcb.harustrate @gbtgqfohr.sayurisnow 在雪地里拥抱",
				"sora-2",
				"16:9",
				"15",
				false,
				"",
				793027887,
				"randomize",
				true
			],
			"inputs":[
				{
					"shape":7,
					"name":"image1",
					"link":8,
					"label":"image1",
					"type":"IMAGE",
					"localized_name":"image1"
				},
				{
					"shape":7,
					"name":"image2",
					"label":"image2",
					"type":"IMAGE",
					"localized_name":"image2"
				},
				{
					"shape":7,
					"name":"image3",
					"label":"image3",
					"type":"IMAGE",
					"localized_name":"image3"
				},
				{
					"shape":7,
					"name":"image4",
					"label":"image4",
					"type":"IMAGE",
					"localized_name":"image4"
				},
				{
					"widget":{
						"name":"prompt"
					},
					"name":"prompt",
					"link":14,
					"label":"prompt",
					"type":"STRING",
					"localized_name":"prompt"
				},
				{
					"widget":{
						"name":"model"
					},
					"name":"model",
					"label":"model",
					"type":"COMBO",
					"localized_name":"model"
				},
				{
					"widget":{
						"name":"aspect_ratio"
					},
					"name":"aspect_ratio",
					"label":"aspect_ratio",
					"type":"COMBO",
					"localized_name":"aspect_ratio"
				},
				{
					"widget":{
						"name":"duration"
					},
					"name":"duration",
					"label":"duration",
					"type":"COMBO",
					"localized_name":"duration"
				},
				{
					"widget":{
						"name":"hd"
					},
					"name":"hd",
					"label":"hd",
					"type":"BOOLEAN",
					"localized_name":"hd"
				},
				{
					"widget":{
						"name":"apikey"
					},
					"name":"apikey",
					"link":7,
					"label":"apikey",
					"type":"STRING",
					"localized_name":"apikey"
				},
				{
					"widget":{
						"name":"seed"
					},
					"shape":7,
					"name":"seed",
					"label":"seed",
					"type":"INT",
					"localized_name":"seed"
				},
				{
					"widget":{
						"name":"private"
					},
					"shape":7,
					"name":"private",
					"label":"private",
					"type":"BOOLEAN",
					"localized_name":"private"
				}
			],
			"flags":{
				
			},
			"id":8,
			"type":"Comfly_sora2",
			"properties":{
				"widget_ue_connectable":{
					
				},
				"Node name for S&R":"Comfly_sora2"
			},
			"order":11
		},
		{
			"mode":0,
			"outputs":[
				{
					"name":"prompt",
					"links":[
						14
					],
					"label":"prompt",
					"type":"STRING",
					"localized_name":"prompt"
				},
				{
					"name":"show_help",
					"label":"show_help",
					"type":"STRING",
					"localized_name":"show_help"
				}
			],
			"size":[
				400,
				200
			],
			"pos":[
				992.812744140625,
				851.3569946289062
			],
			"widgets_values":[
				"@otkdavhcb.harustrate @gbtgqfohr.sayurisnow 在雪地里拥抱"
			],
			"inputs":[
				{
					"widget":{
						"name":"prompt"
					},
					"name":"prompt",
					"label":"prompt",
					"type":"STRING",
					"localized_name":"prompt"
				}
			],
			"flags":{
				
			},
			"id":20,
			"type":"CR Prompt Text",
			"properties":{
				"widget_ue_connectable":{
					
				},
				"Node name for S&R":"CR Prompt Text"
			},
			"order":9
		}
	],
	"extra":{
		"links_added_by_ue":[
			
		],
		"ue_links":[
			
		],
		"0246.VERSION":[
			0,
			0,
			4
		],
		"ds":{
			"offset":[
				-704.0845578700587,
				-75.54118689761432
			],
			"scale":1
		}
	},
	"groups":[
		{
			"color":"#3f789e",
			"font_size":240,
			"flags":{
				
			},
			"id":1,
			"title":"B站、Youtube:T8star-Aix",
			"bounding":[
				-114.7656478881836,
				-664.9581909179688,
				2990.461669921875,
				452.6882019042969
			]
		}
	],
	"links":[
		[
			1,
			1,
			0,
			2,
			0,
			"*"
		],
		[
			2,
			1,
			1,
			3,
			0,
			"*"
		],
		[
			3,
			1,
			2,
			4,
			0,
			"*"
		],
		[
			4,
			1,
			3,
			5,
			0,
			"*"
		],
		[
			5,
			1,
			4,
			6,
			0,
			"*"
		],
		[
			6,
			7,
			0,
			1,
			3,
			"STRING"
		],
		[
			7,
			7,
			0,
			8,
			9,
			"STRING"
		],
		[
			8,
			9,
			0,
			8,
			0,
			"IMAGE"
		],
		[
			9,
			8,
			0,
			10,
			0,
			"VIDEO"
		],
		[
			10,
			8,
			1,
			11,
			0,
			"*"
		],
		[
			11,
			8,
			2,
			12,
			0,
			"*"
		],
		[
			12,
			16,
			0,
			1,
			0,
			"STRING"
		],
		[
			13,
			17,
			0,
			1,
			1,
			"STRING"
		],
		[
			14,
			20,
			0,
			8,
			4,
			"STRING"
		]
	],
	"id":"39078388-47b7-428d-8661-a064a5630aa4",
	"config":{
		
	},
	"version":0.4,
	"last_node_id":20,
	"revision":0
}