{
	"last_link_id":41,
	"nodes":[
		{
			"mode":0,
			"outputs":[
				{
					"name":"output",
					"label":"output",
					"type":"*",
					"localized_name":"output"
				}
			],
			"size":[
				210,
				88
			],
			"pos":[
				2686.617431640625,
				2281.328857421875
			],
			"widgets_values":[
				""
			],
			"inputs":[
				{
					"shape":7,
					"name":"anything",
					"link":2,
					"label":"输入任何",
					"type":"*",
					"localized_name":"anything"
				}
			],
			"flags":{
				
			},
			"id":3,
			"type":"easy showAnything",
			"properties":{
				"widget_ue_connectable":{
					
				},
				"Node name for S&R":"easy showAnything"
			},
			"order":18
		},
		{
			"mode":0,
			"outputs":[
				{
					"name":"output",
					"label":"output",
					"type":"*",
					"localized_name":"output"
				}
			],
			"size":[
				210,
				88
			],
			"pos":[
				3068.804931640625,
				1911.909912109375
			],
			"widgets_values":[
				"https://cdn1.suno.ai/787abd1e-5875-4e62-a054-9ab5d5ea3cef.mp3"
			],
			"inputs":[
				{
					"shape":7,
					"name":"anything",
					"link":30,
					"label":"输入任何",
					"type":"*",
					"localized_name":"anything"
				}
			],
			"flags":{
				
			},
			"id":6,
			"type":"easy showAnything",
			"properties":{
				"widget_ue_connectable":{
					
				},
				"Node name for S&R":"easy showAnything"
			},
			"order":24
		},
		{
			"mode":0,
			"outputs":[
				{
					"name":"output",
					"label":"output",
					"type":"*",
					"localized_name":"output"
				}
			],
			"size":[
				210,
				88
			],
			"pos":[
				3072.144287109375,
				1761.831298828125
			],
			"widgets_values":[
				"https://cdn1.suno.ai/787abd1e-5875-4e62-a054-9ab5d5ea3cef.mp3"
			],
			"inputs":[
				{
					"shape":7,
					"name":"anything",
					"link":29,
					"label":"输入任何",
					"type":"*",
					"localized_name":"anything"
				}
			],
			"flags":{
				
			},
			"id":7,
			"type":"easy showAnything",
			"properties":{
				"widget_ue_connectable":{
					
				},
				"Node name for S&R":"easy showAnything"
			},
			"order":23
		},
		{
			"mode":0,
			"outputs":[
				{
					"name":"output",
					"label":"output",
					"type":"*",
					"localized_name":"output"
				}
			],
			"size":[
				210,
				88
			],
			"pos":[
				3377.861572265625,
				1685.6553955078125
			],
			"widgets_values":[
				"e56028ee-c237-4ab7-97ed-c463f931668d"
			],
			"inputs":[
				{
					"shape":7,
					"name":"anything",
					"link":31,
					"label":"输入任何",
					"type":"*",
					"localized_name":"anything"
				}
			],
			"flags":{
				
			},
			"id":8,
			"type":"easy showAnything",
			"properties":{
				"widget_ue_connectable":{
					
				},
				"Node name for S&R":"easy showAnything"
			},
			"order":25
		},
		{
			"mode":0,
			"outputs":[
				{
					"name":"output",
					"label":"output",
					"type":"*",
					"localized_name":"output"
				}
			],
			"size":[
				210,
				88
			],
			"pos":[
				3372.494140625,
				1821.30859375
			],
			"widgets_values":[
				"{\"status\": \"success\", \"original_clip_id\": \"0e8d9cc7-e6ae-4606-ad9c-076ff12c55a7\", \"continue_at\": 28, \"extended_clips\": 2, \"version\": \"v5\", \"title\": \"I will give you all\", \"tags\": \"\\u6292\\u60c5\\uff0c\\u6e29\\u67d4\"}"
			],
			"inputs":[
				{
					"shape":7,
					"name":"anything",
					"link":32,
					"label":"输入任何",
					"type":"*",
					"localized_name":"anything"
				}
			],
			"flags":{
				
			},
			"id":9,
			"type":"easy showAnything",
			"properties":{
				"widget_ue_connectable":{
					
				},
				"Node name for S&R":"easy showAnything"
			},
			"order":26
		},
		{
			"mode":0,
			"outputs":[
				{
					"name":"output",
					"label":"output",
					"type":"*",
					"localized_name":"output"
				}
			],
			"size":[
				210,
				88
			],
			"pos":[
				3374.123291015625,
				2112.488525390625
			],
			"widgets_values":[
				"787abd1e-5875-4e62-a054-9ab5d5ea3cef"
			],
			"inputs":[
				{
					"shape":7,
					"name":"anything",
					"link":34,
					"label":"输入任何",
					"type":"*",
					"localized_name":"anything"
				}
			],
			"flags":{
				
			},
			"id":10,
			"type":"easy showAnything",
			"properties":{
				"widget_ue_connectable":{
					
				},
				"Node name for S&R":"easy showAnything"
			},
			"order":28
		},
		{
			"mode":0,
			"outputs":[
				{
					"name":"output",
					"label":"output",
					"type":"*",
					"localized_name":"output"
				}
			],
			"size":[
				210,
				88
			],
			"pos":[
				3374.078369140625,
				1967.847900390625
			],
			"widgets_values":[
				"787abd1e-5875-4e62-a054-9ab5d5ea3cef"
			],
			"inputs":[
				{
					"shape":7,
					"name":"anything",
					"link":33,
					"label":"输入任何",
					"type":"*",
					"localized_name":"anything"
				}
			],
			"flags":{
				
			},
			"id":11,
			"type":"easy showAnything",
			"properties":{
				"widget_ue_connectable":{
					
				},
				"Node name for S&R":"easy showAnything"
			},
			"order":27
		},
		{
			"outputs":[
				
			],
			"color":"#432",
			"widgets_values":[
				"选项0手动歌词，选项1自动获取歌词"
			],
			"inputs":[
				
			],
			"flags":{
				
			},
			"type":"Note",
			"mode":0,
			"bgcolor":"#653",
			"size":[
				210,
				88
			],
			"pos":[
				1438.3131103515625,
				2452.384765625
			],
			"id":13,
			"properties":{
				"widget_ue_connectable":{
					
				}
			},
			"order":0
		},
		{
			"mode":0,
			"outputs":[
				{
					"name":"prompt",
					"links":[
						37
					],
					"label":"提示词文本",
					"type":"STRING",
					"localized_name":"prompt"
				},
				{
					"name":"show_help",
					"label":"show_help",
					"type":"STRING",
					"localized_name":"show_help"
				}
			],
			"size":[
				400,
				200
			],
			"pos":[
				864.219482421875,
				2391.929443359375
			],
			"widgets_values":[
				"I will give you all"
			],
			"inputs":[
				{
					"widget":{
						"name":"prompt"
					},
					"name":"prompt",
					"label":"prompt",
					"type":"STRING",
					"localized_name":"提示词"
				}
			],
			"flags":{
				
			},
			"id":17,
			"type":"CR Prompt Text",
			"properties":{
				"widget_ue_connectable":{
					
				},
				"Node name for S&R":"CR Prompt Text"
			},
			"order":1
		},
		{
			"mode":0,
			"outputs":[
				{
					"name":"prompt",
					"links":[
						38
					],
					"label":"提示词文本",
					"type":"STRING",
					"localized_name":"prompt"
				},
				{
					"name":"show_help",
					"label":"show_help",
					"type":"STRING",
					"localized_name":"show_help"
				}
			],
			"size":[
				400,
				200
			],
			"pos":[
				860.4348754882812,
				2694.141845703125
			],
			"widgets_values":[
				"抒情，温柔"
			],
			"inputs":[
				{
					"widget":{
						"name":"prompt"
					},
					"name":"prompt",
					"label":"prompt",
					"type":"STRING",
					"localized_name":"提示词"
				}
			],
			"flags":{
				
			},
			"id":19,
			"type":"CR Prompt Text",
			"properties":{
				"widget_ue_connectable":{
					
				},
				"Node name for S&R":"CR Prompt Text"
			},
			"order":2
		},
		{
			"outputs":[
				
			],
			"color":"#432",
			"widgets_values":[
				"歌曲名"
			],
			"inputs":[
				
			],
			"flags":{
				
			},
			"type":"Note",
			"mode":0,
			"bgcolor":"#653",
			"size":[
				210,
				88
			],
			"pos":[
				541.3128051757812,
				2440.885009765625
			],
			"id":20,
			"properties":{
				"widget_ue_connectable":{
					
				}
			},
			"order":3
		},
		{
			"outputs":[
				
			],
			"color":"#432",
			"widgets_values":[
				"标签"
			],
			"inputs":[
				
			],
			"flags":{
				
			},
			"type":"Note",
			"mode":0,
			"bgcolor":"#653",
			"size":[
				210,
				88
			],
			"pos":[
				540.8129272460938,
				2709.885009765625
			],
			"id":21,
			"properties":{
				"widget_ue_connectable":{
					
				}
			},
			"order":4
		},
		{
			"outputs":[
				
			],
			"color":"#432",
			"widgets_values":[
				"手动提示词"
			],
			"inputs":[
				
			],
			"flags":{
				
			},
			"type":"Note",
			"mode":0,
			"bgcolor":"#653",
			"size":[
				210,
				88
			],
			"pos":[
				548.3128051757812,
				2123.885009765625
			],
			"id":22,
			"properties":{
				"widget_ue_connectable":{
					
				}
			},
			"order":5
		},
		{
			"outputs":[
				
			],
			"color":"#432",
			"widgets_values":[
				"\nAPI申请地址：https://ai.t8star.cn/\n注册送0.2美元\n\n注册后，点击左侧令牌，创建令牌，用Default分组，不要用跟随用户分组！！\n然后复制API到APIKEY即可\n\n如需本地使用，请安装节点：https://github.com/T8mars/Comfyui-zhenzhen"
			],
			"inputs":[
				
			],
			"flags":{
				
			},
			"type":"Note",
			"mode":0,
			"bgcolor":"#653",
			"size":[
				330.6611633300781,
				183.86776733398438
			],
			"pos":[
				439.263427734375,
				1769.38134765625
			],
			"id":23,
			"properties":{
				"widget_ue_connectable":{
					
				}
			},
			"order":6
		},
		{
			"mode":4,
			"outputs":[
				{
					"name":"AUDIO",
					"links":[
						11
					],
					"label":"AUDIO",
					"type":"AUDIO",
					"localized_name":"音频"
				}
			],
			"size":[
				270,
				82
			],
			"pos":[
				1394.2974853515625,
				1462.7611083984375
			],
			"widgets_values":[
				"0:00",
				"1:00"
			],
			"inputs":[
				{
					"name":"audio",
					"link":21,
					"label":"audio",
					"type":"AUDIO",
					"localized_name":"audio"
				},
				{
					"widget":{
						"name":"start_time"
					},
					"name":"start_time",
					"label":"start_time",
					"type":"STRING",
					"localized_name":"start_time"
				},
				{
					"widget":{
						"name":"end_time"
					},
					"name":"end_time",
					"label":"end_time",
					"type":"STRING",
					"localized_name":"end_time"
				}
			],
			"flags":{
				
			},
			"id":25,
			"type":"AudioCrop",
			"properties":{
				"widget_ue_connectable":{
					
				},
				"Node name for S&R":"AudioCrop"
			},
			"order":14
		},
		{
			"outputs":[
				
			],
			"color":"#432",
			"widgets_values":[
				"如只要一段请打开下面的节点自己设置时间长度"
			],
			"inputs":[
				
			],
			"flags":{
				
			},
			"type":"Note",
			"mode":0,
			"bgcolor":"#653",
			"size":[
				288.7603454589844,
				89.75206756591797
			],
			"pos":[
				1391.4644775390625,
				1313.940673828125
			],
			"id":26,
			"properties":{
				"widget_ue_connectable":{
					
				}
			},
			"order":7
		},
		{
			"mode":0,
			"outputs":[
				
			],
			"size":[
				405.2366638183594,
				203.660400390625
			],
			"pos":[
				3590.266845703125,
				1628.075927734375
			],
			"widgets_values":[
				"audio/ComfyUI"
			],
			"inputs":[
				{
					"name":"audio",
					"link":27,
					"label":"audio",
					"type":"AUDIO",
					"localized_name":"音频"
				},
				{
					"widget":{
						"name":"filename_prefix"
					},
					"name":"filename_prefix",
					"label":"filename_prefix",
					"type":"STRING",
					"localized_name":"文件名前缀"
				},
				{
					"widget":{
						"name":"audioUI"
					},
					"name":"audioUI",
					"label":"audioUI",
					"type":"AUDIO_UI",
					"localized_name":"音频UI"
				}
			],
			"flags":{
				
			},
			"id":28,
			"type":"SaveAudio",
			"properties":{
				"widget_ue_connectable":{
					
				},
				"Node name for S&R":"SaveAudio"
			},
			"order":21
		},
		{
			"mode":0,
			"outputs":[
				{
					"name":"output",
					"label":"output",
					"type":"*",
					"localized_name":"output"
				}
			],
			"size":[
				297.0931091308594,
				164.791748046875
			],
			"pos":[
				1746.196533203125,
				2168.052490234375
			],
			"widgets_values":[
				"{\"status\": \"success\", \"upload_id\": \"fb43b3fc-c519-4829-81b9-4f27204f9b88\", \"clip_id\": \"0e8d9cc7-e6ae-4606-ad9c-076ff12c55a7\", \"title\": \"audio\", \"tags\": \"\", \"lyrics\": \"[Verse 1]\\n\\ubb34\\uc2a8 \\uc77c\\uc774 \\uc788\\uc5c8\\ub098\\uc694\\n\\ub0a0 \\ubc14\\ub77c\\ubcf4\\ub294 \\uadf8\\ub300 \\ub208\\ube5b\\n\\ub9d0\\ud558\\uc9c0 \\ubabb\\ud560 \\uace0\\ubbfc\\uc774 \\uc788\\uc5b4 \\ubcf4\\uc5ec\\uc694\\n\\n[Chorus]\\n\\uc544\\ub984\\ub2e4\\uc6b4 \\uadf8\\ub300 \\ub9c8\\uc74c\\uc744\\n\\ub204\\uac00 \\ub2e4\\uce58\\uac8c \\ud588\\ub098\\uc694\\n\\ub0b4\\uac00 \\ub2e4 \\ub4e4\\uc5b4\\uc904\\uac8c\\uc694\\n\\uc774\\uc820 \\ub0b4\\uac00 \\ub9ce\\uc774 \\uc0ac\\ub791\\ud574\\uc694\\n\\uadf8 \\ub204\\uad6c\\ub3c4 \\ud544\\uc694 \\uc5c6\\uc8e0\\n\\uadf8\\uc800 \\ub098\\ub97c \\ubc14\\ub77c\\ubd10 \\uc900\\n\\uadf8\\ub300 \\ub098\\uc758 \\uc120\\ubb3c\\uc774\\uc8e0\\n\\uc774\\uc820 \\ubab0\\ub798 \\uc544\\ud30c\\ud558\\uc9c0 \\ub9d0\\uace0\\n\\ub0b4\\uac8c \\ud138\\uc5b4\\ub194\\uc694\\n\\ubaa8\\ub4e0 \\uac78 \\uc904\\uac8c\\uc694\\nMy love\\n\\n[Verse 2]\\n\\uad1c\\ucc2e\\uc740 \\ucc99 \\uc560\\uc368 \\uc6c3\\uc9c0 \\uc54a\\uc544\\ub3c4 \\ub3fc\\uc694\\n\\ub098\\ub294 \\uadf8\\uc800 \\uadf8\\ub300 \\ub9c8\\uc74c\\uc744\\n\\uc704\\ub85c\\ud558\\uace0 \\uc2f6\\uc8e0\\n\\ub2e4\\ub978 \\uc758\\ubbf8 \\uc5c6\\uc774\\n\\uadf8\\ub300\\ub97c \\uc704\\ud574 \\uc800 \\ub2ec\\uc744 \\uc120\\ubb3c\\ud558\\uace0 \\uc2f6\\uc5b4\\uc694\\n\\n[Chorus]\\n\\uc124\\ub818\\uc774\\uc5ec\\uc694\\n\\uadf8\\ub308 \\uc704\\ud55c \\uac70\\uc8e0\\n\\ub0b4\\uac00 \\ub9ce\\uc774 \\uc0ac\\ub791\\ud574\\uc694\\n\\uadf8 \\ub204\\uad6c\\ub3c4 \\ud544\\uc694 \\uc5c6\\uc8e0\\n\\uadf8\\uc800 \\ub098\\ub97c \\ubc14\\ub77c\\ubd10 \\uc900\\n\\uadf8\\ub300 \\ub098\\uc758 \\uc120\\ubb3c\\uc774\\uc8e0\\n\\uc774\\uc820 \\ubab0\\ub798 \\uc544\\ud30c\\ud558\\uc9c0 \\ub9d0\\uace0\\n\\ub0b4\\uac8c \\ud138\\uc5b4\\ub194\\uc694\\n\\ubaa8\\ub4e0 \\uac78 \\uc904\\uac8c\\uc694\\n\\ub0b4 \\uc0ac\\ub791\\uc744 \\uc904\\uac8c\\uc694\\n\\n[Bridge]\\n\\ub0b4\\uac00 \\ub9ce\\uc774 \\uc0ac\\ub791\\ud574\\uc694\\n\\n[Chorus]\\n\\ub0b4\\uac00 \\ub9ce\\uc774 \\uc0ac\\ub791\\ud574\\uc694\\n\\uadf8 \\ub204\\uad6c\\ub3c4 \\ud544\\uc694 \\uc5c6\\uc8e0\\n\\uadf8\\uc800 \\ub098\\ub97c \\ubc14\\ub77c\\ubd10 \\uc900\\n\\uadf8\\ub300 \\ub098\\uc758 \\uc120\\ubb3c\\uc774\\uc8e0\\n\\uc774\\uc820 \\ubab0\\ub798 \\uc544\\ud30c\\ud558\\uc9c0 \\ub9d0\\uace0\\n\\ub0b4\\uac8c \\ud138\\uc5b4\\ub194\\uc694\\n\\ubaa8\\ub4e0 \\uac78 \\uc904\\uac8c\\uc694\\n\\ub0b4 \\uc0ac\\ub791\\uc744 \\uc904\\uac8c\\uc694\\n\\ub0b4\\uac00 \\ub9ce\\uc774 \\uc0ac\\ub791\\ud574\\uc694\\n\\uadf8 \\ub204\\uad6c\\ub3c4 \\ud544\\uc694 \\uc5c6\\uc8e0\\n\\uadf8\\uc800 \\ub098\\ub97c \\ubc14\\ub77c\\ubd10 \\uc900\\n\\uadf8\\ub300 \\ub098\\uc758 \\uc120\\ubb3c\\uc774\\uc8e0\\n\\uc774\\uc820 \\ubab0\\ub798 \\uc544\\ud30c\\ud558\\uc9c0 \\ub9d0\\uace0\\n\\ub0b4\\uac8c \\ud138\\uc5b4\\ub194\\uc694\\n\\ubaa8\\ub4e0 \\uac78 \\uc904\\uac8c\\uc694\\nMy love\\n\\ubaa8\\ub4e0 \\uac78 \\uc904\\uac8c\\uc694\\nMy love\", \"seed\": 1989661803, \"upload_filename\": \"audio.mp3\"}"
			],
			"inputs":[
				{
					"shape":7,
					"name":"anything",
					"link":13,
					"label":"输入任何",
					"type":"*",
					"localized_name":"anything"
				}
			],
			"flags":{
				
			},
			"id":15,
			"type":"easy showAnything",
			"properties":{
				"widget_ue_connectable":{
					
				},
				"Node name for S&R":"easy showAnything"
			},
			"order":20
		},
		{
			"mode":0,
			"outputs":[
				{
					"name":"prompt",
					"links":[
						25
					],
					"label":"提示词文本",
					"type":"STRING",
					"localized_name":"prompt"
				},
				{
					"name":"show_help",
					"label":"show_help",
					"type":"STRING",
					"localized_name":"show_help"
				}
			],
			"size":[
				400,
				200
			],
			"pos":[
				825.600341796875,
				1735.9779052734375
			],
			"widgets_values":[
				"sk-Cro5LWmiV8OTE5Qdv85vwtXkQuwz0NGE7aBef3BWUTUGW5iS"
			],
			"inputs":[
				{
					"widget":{
						"name":"prompt"
					},
					"name":"prompt",
					"label":"prompt",
					"type":"STRING",
					"localized_name":"提示词"
				}
			],
			"flags":{
				
			},
			"id":29,
			"type":"CR Prompt Text",
			"properties":{
				"widget_ue_connectable":{
					
				},
				"Node name for S&R":"CR Prompt Text"
			},
			"order":9
		},
		{
			"outputs":[
				
			],
			"color":"#432",
			"widgets_values":[
				"音频"
			],
			"inputs":[
				
			],
			"flags":{
				
			},
			"type":"Note",
			"mode":0,
			"bgcolor":"#653",
			"size":[
				330.6611633300781,
				183.86776733398438
			],
			"pos":[
				480.4353942871094,
				1423.307861328125
			],
			"id":24,
			"properties":{
				"widget_ue_connectable":{
					
				}
			},
			"order":10
		},
		{
			"mode":0,
			"outputs":[
				{
					"name":"INT",
					"links":[
						41
					],
					"label":"INT",
					"type":"INT",
					"localized_name":"整数"
				}
			],
			"size":[
				270,
				58
			],
			"pos":[
				932.730712890625,
				3075.824462890625
			],
			"widgets_values":[
				28
			],
			"inputs":[
				{
					"widget":{
						"name":"value"
					},
					"name":"value",
					"label":"value",
					"type":"INT",
					"localized_name":"value"
				}
			],
			"flags":{
				
			},
			"id":33,
			"type":"JWInteger",
			"properties":{
				"widget_ue_connectable":{
					
				},
				"Node name for S&R":"JWInteger"
			},
			"order":12
		},
		{
			"mode":0,
			"outputs":[
				{
					"name":"prompt",
					"links":[
						40
					],
					"label":"提示词文本",
					"type":"STRING",
					"localized_name":"prompt"
				},
				{
					"name":"show_help",
					"label":"show_help",
					"type":"STRING",
					"localized_name":"show_help"
				}
			],
			"size":[
				400,
				200
			],
			"pos":[
				850.4348754882812,
				2057.506591796875
			],
			"widgets_values":[
				"[Verse 1]\n무슨 일이 있었나요\n날 바라보는 그대 눈빛\n말하지 못할 고민이 있어 보여요\n\n[Verse 2]\n아름다운 그대 마음을\n누가 다치게 했나요\n내가 다 들어줄게요\n이젠\n\n[Chorus]\n내가 많이 사랑해요\n그 누구도 필요 없죠\n그저 나를 바라봐 준\n그댄 나의 선물이죠\n이젠 몰래 아파하지 말고\n내게 털어놔요\n모든 걸 줄게요\nMy love\n\n[Verse 3]\n괜찮은 척 애써 웃지 않아도 돼요\n나는 그저 그대 마음을\n위로하고 싶죠\n다른 의미 없이\n\n[Chorus]\n그대를 위해 저 달을 선물하고 싶어요\n선내미어요\n그댈 위한 거죠\n내가 많이 사랑해요\n그 누구도 필요 없죠\n그저 나를 바라봐 준\n그댄 나의 선물이죠\n이젠 몰래 아파하지 말고\n내게 털어놔요\n모든 걸 줄게요\n내 사랑해 줄게요\n\n[Chorus]\n내가 많이 사랑해요\n내가 많이 사랑해요\n그 누구도 필요 없죠\n그저 나를 바라봐 준\n그댄 나의 선물이죠\n이젠 몰래 아파하지 말고\n내게 털어놔요\n모든 걸 줄게요\n내 사랑해 줄게요\n내가 많이 사랑해요\n그 누구도 필요 없죠\n그저 나를 바라봐 준\n그댄 나의 선물이죠\n이젠 몰래 아파하지 말고\n내게 털어놔요\n모든 걸 줄게요\nMy love\n모든 걸 줄게요\nMy love"
			],
			"inputs":[
				{
					"widget":{
						"name":"prompt"
					},
					"name":"prompt",
					"label":"prompt",
					"type":"STRING",
					"localized_name":"提示词"
				}
			],
			"flags":{
				
			},
			"id":32,
			"type":"CR Prompt Text",
			"properties":{
				"widget_ue_connectable":{
					
				},
				"Node name for S&R":"CR Prompt Text"
			},
			"order":8
		},
		{
			"mode":0,
			"outputs":[
				{
					"name":"AUDIO",
					"links":[
						21
					],
					"label":"音频",
					"type":"AUDIO",
					"localized_name":"音频"
				}
			],
			"size":[
				274.080078125,
				136
			],
			"pos":[
				882.5236206054688,
				1423.4271240234375
			],
			"widgets_values":[
				"73e669c22f3c25a92e936d06cc28fa4ea0fa35792b09ce6257efadf097a6e0cd.WAV",
				null,
				null
			],
			"inputs":[
				{
					"widget":{
						"name":"audio"
					},
					"name":"audio",
					"label":"audio",
					"type":"COMBO",
					"localized_name":"音频"
				},
				{
					"widget":{
						"name":"audioUI"
					},
					"name":"audioUI",
					"label":"audioUI",
					"type":"AUDIO_UI",
					"localized_name":"音频UI"
				},
				{
					"widget":{
						"name":"upload"
					},
					"name":"upload",
					"label":"upload",
					"type":"AUDIOUPLOAD",
					"localized_name":"选择文件上传"
				}
			],
			"flags":{
				
			},
			"id":14,
			"type":"LoadAudio",
			"properties":{
				"widget_ue_connectable":{
					
				},
				"Node name for S&R":"LoadAudio"
			},
			"order":11
		},
		{
			"mode":0,
			"outputs":[
				{
					"name":"output",
					"label":"output",
					"type":"*",
					"localized_name":"output"
				}
			],
			"size":[
				210,
				88
			],
			"pos":[
				3071.125244140625,
				2061.622802734375
			],
			"widgets_values":[
				"159.96"
			],
			"inputs":[
				{
					"shape":7,
					"name":"anything",
					"link":35,
					"label":"输入任何",
					"type":"*",
					"localized_name":"anything"
				}
			],
			"flags":{
				
			},
			"id":5,
			"type":"easy showAnything",
			"properties":{
				"widget_ue_connectable":{
					
				},
				"Node name for S&R":"easy showAnything"
			},
			"order":29
		},
		{
			"mode":0,
			"outputs":[
				{
					"name":"apikey",
					"links":[
						12,
						39
					],
					"label":"apikey",
					"type":"STRING",
					"localized_name":"apikey"
				}
			],
			"size":[
				270,
				106
			],
			"pos":[
				1384.793212890625,
				1666.0999755859375
			],
			"widgets_values":[
				"zhenzhen",
				"",
				""
			],
			"inputs":[
				{
					"widget":{
						"name":"api_base"
					},
					"name":"api_base",
					"label":"api_base",
					"type":"COMBO",
					"localized_name":"api_base"
				},
				{
					"widget":{
						"name":"apikey"
					},
					"name":"apikey",
					"link":25,
					"label":"apikey",
					"type":"STRING",
					"localized_name":"apikey"
				},
				{
					"widget":{
						"name":"custom_ip"
					},
					"shape":7,
					"name":"custom_ip",
					"label":"custom_ip",
					"type":"STRING",
					"localized_name":"custom_ip"
				}
			],
			"flags":{
				
			},
			"id":31,
			"type":"Comfly_api_set",
			"properties":{
				"widget_ue_connectable":{
					
				},
				"Node name for S&R":"Comfly_api_set"
			},
			"order":13
		},
		{
			"mode":0,
			"outputs":[
				{
					"name":"clip_id",
					"links":[
						26
					],
					"label":"clip_id",
					"type":"STRING",
					"localized_name":"clip_id"
				},
				{
					"name":"title",
					"links":[
						1
					],
					"label":"title",
					"type":"STRING",
					"localized_name":"title"
				},
				{
					"name":"tags",
					"links":[
						2
					],
					"label":"tags",
					"type":"STRING",
					"localized_name":"tags"
				},
				{
					"name":"lyrics",
					"links":[
						24
					],
					"label":"lyrics",
					"type":"STRING",
					"localized_name":"lyrics"
				},
				{
					"name":"response",
					"links":[
						13
					],
					"label":"response",
					"type":"STRING",
					"localized_name":"response"
				}
			],
			"size":[
				270,
				210
			],
			"pos":[
				1678.4742431640625,
				1632.392333984375
			],
			"widgets_values":[
				"",
				"audio.mp3",
				920308857,
				"randomize"
			],
			"inputs":[
				{
					"name":"audio",
					"link":11,
					"label":"audio",
					"type":"AUDIO",
					"localized_name":"audio"
				},
				{
					"widget":{
						"name":"api_key"
					},
					"shape":7,
					"name":"api_key",
					"link":12,
					"label":"api_key",
					"type":"STRING",
					"localized_name":"api_key"
				},
				{
					"widget":{
						"name":"upload_filename"
					},
					"shape":7,
					"name":"upload_filename",
					"label":"upload_filename",
					"type":"STRING",
					"localized_name":"upload_filename"
				},
				{
					"widget":{
						"name":"seed"
					},
					"shape":7,
					"name":"seed",
					"label":"seed",
					"type":"INT",
					"localized_name":"seed"
				}
			],
			"flags":{
				
			},
			"id":12,
			"type":"Comfly_suno_upload",
			"properties":{
				"widget_ue_connectable":{
					
				},
				"Node name for S&R":"Comfly_suno_upload"
			},
			"order":15
		},
		{
			"mode":0,
			"outputs":[
				{
					"name":"audio1",
					"links":[
						27
					],
					"label":"audio1",
					"type":"AUDIO",
					"localized_name":"audio1"
				},
				{
					"name":"audio2",
					"links":[
						28
					],
					"label":"audio2",
					"type":"AUDIO",
					"localized_name":"audio2"
				},
				{
					"name":"audio_url1",
					"links":[
						29
					],
					"label":"audio_url1",
					"type":"STRING",
					"localized_name":"audio_url1"
				},
				{
					"name":"audio_url2",
					"links":[
						30
					],
					"label":"audio_url2",
					"type":"STRING",
					"localized_name":"audio_url2"
				},
				{
					"name":"task_id",
					"links":[
						31
					],
					"label":"task_id",
					"type":"STRING",
					"localized_name":"task_id"
				},
				{
					"name":"response",
					"links":[
						32
					],
					"label":"response",
					"type":"STRING",
					"localized_name":"response"
				},
				{
					"name":"clip_id1",
					"links":[
						33
					],
					"label":"clip_id1",
					"type":"STRING",
					"localized_name":"clip_id1"
				},
				{
					"name":"clip_id2",
					"links":[
						34
					],
					"label":"clip_id2",
					"type":"STRING",
					"localized_name":"clip_id2"
				},
				{
					"name":"duration",
					"links":[
						35
					],
					"label":"duration",
					"type":"STRING",
					"localized_name":"duration"
				}
			],
			"size":[
				400,
				416
			],
			"pos":[
				2081.181884765625,
				1387.0203857421875
			],
			"widgets_values":[
				"",
				"",
				"",
				28,
				"v5",
				"",
				515694619,
				"randomize"
			],
			"inputs":[
				{
					"name":"clip_id",
					"link":26,
					"label":"clip_id",
					"type":"STRING",
					"localized_name":"clip_id"
				},
				{
					"widget":{
						"name":"prompt"
					},
					"name":"prompt",
					"link":40,
					"label":"prompt",
					"type":"STRING",
					"localized_name":"prompt"
				},
				{
					"widget":{
						"name":"tags"
					},
					"name":"tags",
					"link":38,
					"label":"tags",
					"type":"STRING",
					"localized_name":"tags"
				},
				{
					"widget":{
						"name":"title"
					},
					"name":"title",
					"link":37,
					"label":"title",
					"type":"STRING",
					"localized_name":"title"
				},
				{
					"widget":{
						"name":"continue_at"
					},
					"name":"continue_at",
					"link":41,
					"label":"continue_at",
					"type":"INT",
					"localized_name":"continue_at"
				},
				{
					"widget":{
						"name":"version"
					},
					"name":"version",
					"label":"version",
					"type":"COMBO",
					"localized_name":"version"
				},
				{
					"widget":{
						"name":"api_key"
					},
					"shape":7,
					"name":"api_key",
					"link":39,
					"label":"api_key",
					"type":"STRING",
					"localized_name":"api_key"
				},
				{
					"widget":{
						"name":"seed"
					},
					"shape":7,
					"name":"seed",
					"label":"seed",
					"type":"INT",
					"localized_name":"seed"
				}
			],
			"flags":{
				
			},
			"id":1,
			"type":"Comfly_suno_upload_extend",
			"properties":{
				"widget_ue_connectable":{
					
				},
				"Node name for S&R":"Comfly_suno_upload_extend"
			},
			"order":16
		},
		{
			"mode":0,
			"outputs":[
				{
					"name":"output",
					"label":"output",
					"type":"*",
					"localized_name":"output"
				}
			],
			"size":[
				375.6484375,
				321.07281494140625
			],
			"pos":[
				2093.789794921875,
				1919.4288330078125
			],
			"widgets_values":[
				"[Verse 1]\n무슨 일이 있었나요\n날 바라보는 그대 눈빛\n말하지 못할 고민이 있어 보여요\n\n[Chorus]\n아름다운 그대 마음을\n누가 다치게 했나요\n내가 다 들어줄게요\n이젠 내가 많이 사랑해요\n그 누구도 필요 없죠\n그저 나를 바라봐 준\n그대 나의 선물이죠\n이젠 몰래 아파하지 말고\n내게 털어놔요\n모든 걸 줄게요\nMy love\n\n[Verse 2]\n괜찮은 척 애써 웃지 않아도 돼요\n나는 그저 그대 마음을\n위로하고 싶죠\n다른 의미 없이\n그대를 위해 저 달을 선물하고 싶어요\n\n[Chorus]\n설렘이여요\n그댈 위한 거죠\n내가 많이 사랑해요\n그 누구도 필요 없죠\n그저 나를 바라봐 준\n그대 나의 선물이죠\n이젠 몰래 아파하지 말고\n내게 털어놔요\n모든 걸 줄게요\n내 사랑을 줄게요\n\n[Bridge]\n내가 많이 사랑해요\n\n[Chorus]\n내가 많이 사랑해요\n그 누구도 필요 없죠\n그저 나를 바라봐 준\n그대 나의 선물이죠\n이젠 몰래 아파하지 말고\n내게 털어놔요\n모든 걸 줄게요\n내 사랑을 줄게요\n내가 많이 사랑해요\n그 누구도 필요 없죠\n그저 나를 바라봐 준\n그대 나의 선물이죠\n이젠 몰래 아파하지 말고\n내게 털어놔요\n모든 걸 줄게요\nMy love\n모든 걸 줄게요\nMy love"
			],
			"inputs":[
				{
					"shape":7,
					"name":"anything",
					"link":24,
					"label":"输入任何",
					"type":"*",
					"localized_name":"anything"
				}
			],
			"flags":{
				
			},
			"id":30,
			"type":"easy showAnything",
			"properties":{
				"widget_ue_connectable":{
					
				},
				"Node name for S&R":"easy showAnything"
			},
			"order":19
		},
		{
			"mode":0,
			"outputs":[
				{
					"name":"output",
					"label":"output",
					"type":"*",
					"localized_name":"output"
				}
			],
			"size":[
				210,
				88
			],
			"pos":[
				2541.498779296875,
				1701.206787109375
			],
			"widgets_values":[
				"audio"
			],
			"inputs":[
				{
					"shape":7,
					"name":"anything",
					"link":1,
					"label":"输入任何",
					"type":"*",
					"localized_name":"anything"
				}
			],
			"flags":{
				
			},
			"id":2,
			"type":"easy showAnything",
			"properties":{
				"widget_ue_connectable":{
					
				},
				"Node name for S&R":"easy showAnything"
			},
			"order":17
		},
		{
			"mode":0,
			"outputs":[
				
			],
			"size":[
				534.4901123046875,
				212.7308349609375
			],
			"pos":[
				2609.33349609375,
				1362.8929443359375
			],
			"widgets_values":[
				"audio/ComfyUI"
			],
			"inputs":[
				{
					"name":"audio",
					"link":28,
					"label":"audio",
					"type":"AUDIO",
					"localized_name":"音频"
				},
				{
					"widget":{
						"name":"filename_prefix"
					},
					"name":"filename_prefix",
					"label":"filename_prefix",
					"type":"STRING",
					"localized_name":"文件名前缀"
				},
				{
					"widget":{
						"name":"audioUI"
					},
					"name":"audioUI",
					"label":"audioUI",
					"type":"AUDIO_UI",
					"localized_name":"音频UI"
				}
			],
			"flags":{
				
			},
			"id":27,
			"type":"SaveAudio",
			"properties":{
				"widget_ue_connectable":{
					
				},
				"Node name for S&R":"SaveAudio"
			},
			"order":22
		}
	],
	"extra":{
		"links_added_by_ue":[
			
		],
		"ue_links":[
			
		],
		"0246.VERSION":[
			0,
			0,
			4
		],
		"ds":{
			"offset":[
				-2007.6016441599866,
				-869.2497573333256
			],
			"scale":0.9646149645000048
		}
	},
	"groups":[
		{
			"color":"#3f789e",
			"font_size":240,
			"flags":{
				
			},
			"id":1,
			"title":"B站、Youtube：T8star-Aix",
			"bounding":[
				587.9530639648438,
				902.3822631835938,
				4168,
				309
			]
		}
	],
	"links":[
		[
			1,
			12,
			1,
			2,
			0,
			"*"
		],
		[
			2,
			12,
			2,
			3,
			0,
			"*"
		],
		[
			11,
			25,
			0,
			12,
			0,
			"AUDIO"
		],
		[
			12,
			31,
			0,
			12,
			1,
			"STRING"
		],
		[
			13,
			12,
			4,
			15,
			0,
			"*"
		],
		[
			21,
			14,
			0,
			25,
			0,
			"AUDIO"
		],
		[
			24,
			12,
			3,
			30,
			0,
			"*"
		],
		[
			25,
			29,
			0,
			31,
			1,
			"STRING"
		],
		[
			26,
			12,
			0,
			1,
			0,
			"STRING"
		],
		[
			27,
			1,
			0,
			28,
			0,
			"AUDIO"
		],
		[
			28,
			1,
			1,
			27,
			0,
			"AUDIO"
		],
		[
			29,
			1,
			2,
			7,
			0,
			"*"
		],
		[
			30,
			1,
			3,
			6,
			0,
			"*"
		],
		[
			31,
			1,
			4,
			8,
			0,
			"*"
		],
		[
			32,
			1,
			5,
			9,
			0,
			"*"
		],
		[
			33,
			1,
			6,
			11,
			0,
			"*"
		],
		[
			34,
			1,
			7,
			10,
			0,
			"*"
		],
		[
			35,
			1,
			8,
			5,
			0,
			"*"
		],
		[
			37,
			17,
			0,
			1,
			3,
			"STRING"
		],
		[
			38,
			19,
			0,
			1,
			2,
			"STRING"
		],
		[
			39,
			31,
			0,
			1,
			6,
			"STRING"
		],
		[
			40,
			32,
			0,
			1,
			1,
			"STRING"
		],
		[
			41,
			33,
			0,
			1,
			4,
			"INT"
		]
	],
	"id":"a3c20c41-5eb4-4482-9274-e818e22231b9",
	"config":{
		
	},
	"version":0.4,
	"last_node_id":33,
	"revision":0
}