{
  "id": "3c8bae95-dcfe-4ec1-8b0f-138d05bf1549",
  "revision": 0,
  "last_node_id": 24,
  "last_link_id": 18,
  "nodes": [
    {
      "id": 6,
      "type": "easy showAnything",
      "pos": [
        1425.889404296875,
        676.5692749023438
      ],
      "size": [
        210,
        88
      ],
      "flags": {},
      "order": 12,
      "mode": 0,
      "inputs": [
        {
          "label": "输入任何",
          "name": "anything",
          "shape": 7,
          "type": "*",
          "link": 13
        }
      ],
      "outputs": [
        {
          "label": "output",
          "name": "output",
          "type": "*",
          "links": []
        }
      ],
      "properties": {
        "cnr_id": "comfyui-easy-use",
        "ver": "a1b402b4a9c0ddd35c0ac1197579f8f7b121ff3e",
        "Node name for S&R": "easy showAnything",
        "widget_ue_connectable": {},
        "ttNbgOverride": {
          "bgcolor": "#593930",
          "groupcolor": "#b06634",
          "color": "#332922"
        }
      },
      "widgets_values": [
        "https://filesystem.site/cdn/20251020/5d78fb474b52a9d82ea736b918c525.mp4"
      ],
      "color": "#332922",
      "bgcolor": "#593930"
    },
    {
      "id": 18,
      "type": "PrimitiveNode",
      "pos": [
        160.18562497797183,
        1212.366518613042
      ],
      "size": [
        210,
        106
      ],
      "flags": {},
      "order": 0,
      "mode": 0,
      "inputs": [],
      "outputs": [
        {
          "name": "COMBO",
          "type": "COMBO",
          "widget": {
            "name": "aspect_ratio"
          },
          "links": [
            15
          ]
        }
      ],
      "title": "aspect_ratio",
      "properties": {
        "Run widget replace on values": false
      },
      "widgets_values": [
        "16:9",
        "fixed",
        ""
      ]
    },
    {
      "id": 9,
      "type": "Note",
      "pos": [
        1910.8830924248687,
        529.1695314517722
      ],
      "size": [
        210,
        88
      ],
      "flags": {},
      "order": 1,
      "mode": 0,
      "inputs": [],
      "outputs": [],
      "properties": {
        "widget_ue_connectable": {}
      },
      "widgets_values": [
        "如果预览视频节点没出视频，可以再下面SHOWANYTHING那里，有地址"
      ],
      "color": "#432",
      "bgcolor": "#653"
    },
    {
      "id": 7,
      "type": "easy showAnything",
      "pos": [
        1476.931289081197,
        883.4923261887063
      ],
      "size": [
        210,
        88
      ],
      "flags": {},
      "order": 13,
      "mode": 0,
      "inputs": [
        {
          "label": "输入任何",
          "name": "anything",
          "shape": 7,
          "type": "*",
          "link": 14
        }
      ],
      "outputs": [
        {
          "label": "output",
          "name": "output",
          "type": "*"
        }
      ],
      "properties": {
        "cnr_id": "comfyui-easy-use",
        "ver": "a1b402b4a9c0ddd35c0ac1197579f8f7b121ff3e",
        "Node name for S&R": "easy showAnything",
        "widget_ue_connectable": {},
        "ttNbgOverride": {
          "bgcolor": "#593930",
          "groupcolor": "#b06634",
          "color": "#332922"
        }
      },
      "widgets_values": [
        "{\"code\": \"success\", \"task_id\": \"veo3.1:1760952224-q6jMMQ4zb2\", \"prompt\": \"Women dancing on the pedestrian bridge\", \"model\": \"veo3.1\", \"enhance_prompt\": false, \"aspect_ratio\": \"default\", \"enable_upsample\": false, \"video_url\": \"https://filesystem.site/cdn/20251020/5d78fb474b52a9d82ea736b918c525.mp4\", \"images_count\": 1}"
      ],
      "color": "#332922",
      "bgcolor": "#593930"
    },
    {
      "id": 20,
      "type": "Note",
      "pos": [
        -213.07498522251734,
        717.5739802048156
      ],
      "size": [
        210,
        88
      ],
      "flags": {
        "pinned": true
      },
      "order": 2,
      "mode": 0,
      "inputs": [],
      "outputs": [],
      "properties": {},
      "widgets_values": [
        "prompt"
      ],
      "color": "#432",
      "bgcolor": "#653"
    },
    {
      "id": 19,
      "type": "Note",
      "pos": [
        -253.24998453348655,
        988.1225318012818
      ],
      "size": [
        294.8108430937071,
        133.8671240234412
      ],
      "flags": {},
      "order": 3,
      "mode": 0,
      "inputs": [],
      "outputs": [],
      "properties": {},
      "widgets_values": [
        "APIKEY\n\nAPI申请地址：https://ai.t8star.cn/register?aff=dP7j\n注册送0.2积分\n每日工作台签到领积分"
      ],
      "color": "#432",
      "bgcolor": "#653"
    },
    {
      "id": 10,
      "type": "Note",
      "pos": [
        -134.70799106160533,
        20.44191896052828
      ],
      "size": [
        559.0477905273438,
        228.00534057617188
      ],
      "flags": {},
      "order": 4,
      "mode": 0,
      "inputs": [],
      "outputs": [],
      "properties": {
        "widget_ue_connectable": {}
      },
      "widgets_values": [
        "\nAPI申请地址：https://ai.t8star.cn/register?aff=dP7j\n注册送0.2美元\n\n\n注册后，点击左侧令牌，创建令牌，用Default分组，不要用跟随用户分组！！\n然后复制API到APIKEY即可\n\nComfyui调用API节点(支持本地部署)：https://github.com/T8mars/Comfyui-zhenzhen\n\n"
      ],
      "color": "#432",
      "bgcolor": "#653"
    },
    {
      "id": 22,
      "type": "LoadImage",
      "pos": [
        -625.6875364279798,
        300.44892825659105
      ],
      "size": [
        270,
        314
      ],
      "flags": {},
      "order": 5,
      "mode": 0,
      "inputs": [],
      "outputs": [
        {
          "name": "IMAGE",
          "type": "IMAGE",
          "links": [
            16
          ]
        },
        {
          "name": "MASK",
          "type": "MASK",
          "links": null
        }
      ],
      "properties": {
        "cnr_id": "comfy-core",
        "ver": "0.3.65",
        "Node name for S&R": "LoadImage"
      },
      "widgets_values": [
        "1515151.png",
        "image"
      ]
    },
    {
      "id": 23,
      "type": "LoadImage",
      "pos": [
        -616.507284110545,
        671.4330803554493
      ],
      "size": [
        270,
        314
      ],
      "flags": {},
      "order": 6,
      "mode": 0,
      "inputs": [],
      "outputs": [
        {
          "name": "IMAGE",
          "type": "IMAGE",
          "links": [
            17
          ]
        },
        {
          "name": "MASK",
          "type": "MASK",
          "links": null
        }
      ],
      "properties": {
        "cnr_id": "comfy-core",
        "ver": "0.3.65",
        "Node name for S&R": "LoadImage"
      },
      "widgets_values": [
        "ComfyUI_00013_loyue_1760859660.png",
        "image"
      ]
    },
    {
      "id": 14,
      "type": "SaveVideo",
      "pos": [
        1374.263594055306,
        257.2598664274704
      ],
      "size": [
        488.27890877181744,
        514.7555936761019
      ],
      "flags": {},
      "order": 11,
      "mode": 0,
      "inputs": [
        {
          "label": "video",
          "name": "video",
          "type": "VIDEO",
          "link": 12
        },
        {
          "label": "filename_prefix",
          "name": "filename_prefix",
          "type": "STRING",
          "widget": {
            "name": "filename_prefix"
          }
        },
        {
          "label": "format",
          "name": "format",
          "type": "COMBO",
          "widget": {
            "name": "format"
          }
        },
        {
          "label": "codec",
          "name": "codec",
          "type": "COMBO",
          "widget": {
            "name": "codec"
          }
        }
      ],
      "outputs": [],
      "properties": {
        "cnr_id": "comfy-core",
        "ver": "0.3.65",
        "Node name for S&R": "SaveVideo",
        "widget_ue_connectable": {}
      },
      "widgets_values": [
        "video/ComfyUI",
        "auto",
        "auto"
      ]
    },
    {
      "id": 21,
      "type": "Note",
      "pos": [
        684.6631317942888,
        197.96378653827483
      ],
      "size": [
        548.9761394001816,
        298.62362647675195
      ],
      "flags": {},
      "order": 7,
      "mode": 0,
      "inputs": [],
      "outputs": [],
      "properties": {},
      "widgets_values": [
        "veo3特价模型基准1.5RMB/8S，模型名字：\nveo3 文生视频\nveo3-fast 文生视频\nveo3-fast-frames 图生视频\n\nVeo3 Pro模型3RMB/8S，模型名字：\nveo3-pro 文生视频\nveo3-pro-frames 图生视频\n高质量模式，价格也高一点\n\nVeo3.1 特价模型基准1.5RMB/8S，模型名字：\nveo3.1 文生视频，图生视频\nveo3.1-components 文生视频，图生视频，多参1-2张\n注意veo3.1-components，支持多图参考，Veo3.1支持首尾帧\n\nVeo3.1 Pro模型基准3RMB/8S，模型名字：\nveo3.1-pro  文生视频，图生视频，首尾帧\n高质量模式，价格也高一点\n\n注意模型价格可能根据情况调整，实际价格以https://ai.t8star.cn/register?aff=dP7j 为准"
      ],
      "color": "#432",
      "bgcolor": "#653"
    },
    {
      "id": 17,
      "type": "Comfly_Googel_Veo3",
      "pos": [
        699.4262084960938,
        574.876953125
      ],
      "size": [
        400,
        316
      ],
      "flags": {},
      "order": 10,
      "mode": 0,
      "inputs": [
        {
          "name": "image1",
          "shape": 7,
          "type": "IMAGE",
          "link": 16
        },
        {
          "name": "image2",
          "shape": 7,
          "type": "IMAGE",
          "link": 17
        },
        {
          "name": "image3",
          "shape": 7,
          "type": "IMAGE",
          "link": null
        },
        {
          "label": "prompt",
          "name": "prompt",
          "type": "STRING",
          "widget": {
            "name": "prompt"
          },
          "link": 10
        },
        {
          "label": "model",
          "name": "model",
          "type": "COMBO",
          "widget": {
            "name": "model"
          }
        },
        {
          "label": "enhance_prompt",
          "name": "enhance_prompt",
          "type": "BOOLEAN",
          "widget": {
            "name": "enhance_prompt"
          }
        },
        {
          "label": "aspect_ratio",
          "name": "aspect_ratio",
          "type": "COMBO",
          "widget": {
            "name": "aspect_ratio"
          },
          "link": 15
        },
        {
          "label": "apikey",
          "name": "apikey",
          "shape": 7,
          "type": "STRING",
          "widget": {
            "name": "apikey"
          },
          "link": 18
        },
        {
          "label": "seed",
          "name": "seed",
          "shape": 7,
          "type": "INT",
          "widget": {
            "name": "seed"
          }
        },
        {
          "label": "enable_upsample",
          "name": "enable_upsample",
          "shape": 7,
          "type": "BOOLEAN",
          "widget": {
            "name": "enable_upsample"
          }
        },
        {
          "label": "image",
          "name": "image",
          "shape": 7,
          "type": "IMAGE"
        }
      ],
      "outputs": [
        {
          "label": "video",
          "name": "video",
          "type": "VIDEO",
          "links": [
            12
          ]
        },
        {
          "label": "video_url",
          "name": "video_url",
          "type": "STRING",
          "links": [
            13
          ]
        },
        {
          "label": "response",
          "name": "response",
          "type": "STRING",
          "links": [
            14
          ]
        }
      ],
      "properties": {
        "cnr_id": "Comfyui_Comfly",
        "ver": "f855b02f331c44775850de2cdbf1163db6a26f29",
        "Node name for S&R": "Comfly_Googel_Veo3",
        "widget_ue_connectable": {}
      },
      "widgets_values": [
        "",
        "veo3.1-components",
        false,
        "16:9",
        "",
        996970627,
        "randomize",
        false
      ]
    },
    {
      "id": 16,
      "type": "CR Prompt Text",
      "pos": [
        33.87678493479203,
        637.634098314742
      ],
      "size": [
        400,
        200
      ],
      "flags": {},
      "order": 8,
      "mode": 0,
      "inputs": [
        {
          "name": "prompt",
          "type": "STRING",
          "widget": {
            "name": "prompt"
          }
        }
      ],
      "outputs": [
        {
          "label": "提示词文本",
          "name": "prompt",
          "type": "STRING",
          "links": [
            10
          ]
        },
        {
          "name": "show_help",
          "type": "STRING"
        }
      ],
      "properties": {
        "cnr_id": "ComfyUI_Comfyroll_CustomNodes",
        "ver": "d78b780ae43fcf8c6b7c6505e6ffb4584281ceca",
        "Node name for S&R": "CR Prompt Text",
        "widget_ue_connectable": {}
      },
      "widgets_values": [
        "The character in Image1 is shopping with an imag2 bag"
      ]
    },
    {
      "id": 24,
      "type": "Comfly_api_set",
      "pos": [
        108.26041423165647,
        1003.8704412687742
      ],
      "size": [
        270,
        106
      ],
      "flags": {},
      "order": 9,
      "mode": 0,
      "inputs": [],
      "outputs": [
        {
          "name": "apikey",
          "type": "STRING",
          "links": [
            18
          ]
        }
      ],
      "properties": {
        "aux_id": "T8mars/Comfyui-zhenzhen",
        "ver": "adf9e0f39de29353810237fad96984456739fff3",
        "Node name for S&R": "Comfly_api_set"
      },
      "widgets_values": [
        "zhenzhen",
        "",
        ""
      ]
    }
  ],
  "links": [
    [
      10,
      16,
      0,
      17,
      3,
      "STRING"
    ],
    [
      12,
      17,
      0,
      14,
      0,
      "VIDEO"
    ],
    [
      13,
      17,
      1,
      6,
      0,
      "*"
    ],
    [
      14,
      17,
      2,
      7,
      0,
      "*"
    ],
    [
      15,
      18,
      0,
      17,
      6,
      "COMBO"
    ],
    [
      16,
      22,
      0,
      17,
      0,
      "IMAGE"
    ],
    [
      17,
      23,
      0,
      17,
      1,
      "IMAGE"
    ],
    [
      18,
      24,
      0,
      17,
      7,
      "STRING"
    ]
  ],
  "groups": [
    {
      "id": 1,
      "title": "B站、Youtube：T8star-Aix",
      "bounding": [
        377.0587905486366,
        -309.93801280822515,
        4168,
        309
      ],
      "color": "#3f789e",
      "font_size": 240,
      "flags": {}
    }
  ],
  "config": {},
  "extra": {
    "ds": {
      "scale": 1.2839025177495067,
      "offset": [
        245.55520504180396,
        -501.3583729573184
      ]
    },
    "frontendVersion": "1.28.7",
    "links_added_by_ue": [],
    "VHS_KeepIntermediate": true,
    "VHS_MetadataImage": true,
    "ue_links": [],
    "0246.VERSION": [
      0,
      0,
      4
    ],
    "VHS_latentpreviewrate": 0,
    "VHS_latentpreview": true
  },
  "version": 0.4
}