{
  "id": "3c8bae95-dcfe-4ec1-8b0f-138d05bf1549",
  "revision": 0,
  "last_node_id": 26,
  "last_link_id": 20,
  "nodes": [
    {
      "id": 11,
      "type": "LoadImage",
      "pos": [
        -591.5977172851562,
        1155.8521728515625
      ],
      "size": [
        315,
        314
      ],
      "flags": {},
      "order": 0,
      "mode": 0,
      "inputs": [
        {
          "label": "image",
          "name": "image",
          "type": "COMBO",
          "widget": {
            "name": "image"
          }
        },
        {
          "label": "upload",
          "name": "upload",
          "type": "IMAGEUPLOAD",
          "widget": {
            "name": "upload"
          }
        }
      ],
      "outputs": [
        {
          "label": "IMAGE",
          "name": "IMAGE",
          "type": "IMAGE",
          "links": [
            6
          ]
        },
        {
          "label": "MASK",
          "name": "MASK",
          "type": "MASK"
        }
      ],
      "properties": {
        "cnr_id": "comfy-core",
        "ver": "0.3.65",
        "Node name for S&R": "LoadImage",
        "widget_ue_connectable": {},
        "ttNbgOverride": {
          "bgcolor": "#593930",
          "groupcolor": "#b06634",
          "color": "#332922"
        }
      },
      "widgets_values": [
        "bd7129b7707661dc1f37ec6a00af5605cca6d18ea51d0d37e26e3ff0d3bdb515.png",
        "image"
      ],
      "color": "#332922",
      "bgcolor": "#593930"
    },
    {
      "id": 6,
      "type": "easy showAnything",
      "pos": [
        1425.889404296875,
        676.5692749023438
      ],
      "size": [
        210,
        88
      ],
      "flags": {},
      "order": 15,
      "mode": 0,
      "inputs": [
        {
          "label": "anything",
          "name": "anything",
          "shape": 7,
          "type": "*",
          "link": 12
        }
      ],
      "outputs": [
        {
          "label": "output",
          "name": "output",
          "type": "*",
          "links": []
        }
      ],
      "properties": {
        "cnr_id": "comfyui-easy-use",
        "ver": "a1b402b4a9c0ddd35c0ac1197579f8f7b121ff3e",
        "Node name for S&R": "easy showAnything",
        "widget_ue_connectable": {},
        "ttNbgOverride": {
          "bgcolor": "#593930",
          "groupcolor": "#b06634",
          "color": "#332922"
        }
      },
      "widgets_values": [
        "1753376223310294"
      ],
      "color": "#332922",
      "bgcolor": "#593930"
    },
    {
      "id": 7,
      "type": "easy showAnything",
      "pos": [
        1424.14111328125,
        825.5093994140625
      ],
      "size": [
        482.2601013183594,
        198.99844360351562
      ],
      "flags": {},
      "order": 16,
      "mode": 0,
      "inputs": [
        {
          "label": "anything",
          "name": "anything",
          "shape": 7,
          "type": "*",
          "link": 13
        }
      ],
      "outputs": [
        {
          "label": "output",
          "name": "output",
          "type": "*"
        }
      ],
      "properties": {
        "cnr_id": "comfyui-easy-use",
        "ver": "a1b402b4a9c0ddd35c0ac1197579f8f7b121ff3e",
        "Node name for S&R": "easy showAnything",
        "widget_ue_connectable": {},
        "ttNbgOverride": {
          "bgcolor": "#593930",
          "groupcolor": "#b06634",
          "color": "#332922"
        }
      },
      "widgets_values": [
        "{\"status\": \"success\", \"message\": \"Generated 4 videos successfully\", \"task_id\": \"1753376223310294\", \"video_urls\": [\"https://storage.fonedis.cc/video/bf4c9b2e-5b1e-4ce2-95a5-8394ab90eca7/0_0.mp4\", \"https://storage.fonedis.cc/video/bf4c9b2e-5b1e-4ce2-95a5-8394ab90eca7/0_1.mp4\", \"https://storage.fonedis.cc/video/bf4c9b2e-5b1e-4ce2-95a5-8394ab90eca7/0_2.mp4\", \"https://storage.fonedis.cc/video/bf4c9b2e-5b1e-4ce2-95a5-8394ab90eca7/0_3.mp4\"]}"
      ],
      "color": "#332922",
      "bgcolor": "#593930"
    },
    {
      "id": 16,
      "type": "SaveVideo",
      "pos": [
        1426.8880615234375,
        265.0970764160156
      ],
      "size": [
        315,
        273.6730651855469
      ],
      "flags": {},
      "order": 11,
      "mode": 0,
      "inputs": [
        {
          "label": "video",
          "name": "video",
          "type": "VIDEO",
          "link": 11
        },
        {
          "label": "filename_prefix",
          "name": "filename_prefix",
          "type": "STRING",
          "widget": {
            "name": "filename_prefix"
          }
        },
        {
          "label": "format",
          "name": "format",
          "type": "COMBO",
          "widget": {
            "name": "format"
          }
        },
        {
          "label": "codec",
          "name": "codec",
          "type": "COMBO",
          "widget": {
            "name": "codec"
          }
        }
      ],
      "outputs": [],
      "properties": {
        "cnr_id": "comfy-core",
        "ver": "0.3.65",
        "Node name for S&R": "SaveVideo",
        "widget_ue_connectable": {}
      },
      "widgets_values": [
        "video/ComfyUI",
        "auto",
        "auto"
      ]
    },
    {
      "id": 19,
      "type": "SaveVideo",
      "pos": [
        2210.763671875,
        553.9539184570312
      ],
      "size": [
        315,
        273.6730651855469
      ],
      "flags": {},
      "order": 13,
      "mode": 0,
      "inputs": [
        {
          "label": "video",
          "name": "video",
          "type": "VIDEO",
          "link": 15
        },
        {
          "label": "filename_prefix",
          "name": "filename_prefix",
          "type": "STRING",
          "widget": {
            "name": "filename_prefix"
          }
        },
        {
          "label": "format",
          "name": "format",
          "type": "COMBO",
          "widget": {
            "name": "format"
          }
        },
        {
          "label": "codec",
          "name": "codec",
          "type": "COMBO",
          "widget": {
            "name": "codec"
          }
        }
      ],
      "outputs": [],
      "properties": {
        "cnr_id": "comfy-core",
        "ver": "0.3.65",
        "Node name for S&R": "SaveVideo",
        "widget_ue_connectable": {}
      },
      "widgets_values": [
        "video/ComfyUI",
        "auto",
        "auto"
      ]
    },
    {
      "id": 20,
      "type": "SaveVideo",
      "pos": [
        2208.84033203125,
        792.6165771484375
      ],
      "size": [
        315,
        273.6730651855469
      ],
      "flags": {},
      "order": 14,
      "mode": 0,
      "inputs": [
        {
          "label": "video",
          "name": "video",
          "type": "VIDEO",
          "link": 16
        },
        {
          "label": "filename_prefix",
          "name": "filename_prefix",
          "type": "STRING",
          "widget": {
            "name": "filename_prefix"
          }
        },
        {
          "label": "format",
          "name": "format",
          "type": "COMBO",
          "widget": {
            "name": "format"
          }
        },
        {
          "label": "codec",
          "name": "codec",
          "type": "COMBO",
          "widget": {
            "name": "codec"
          }
        }
      ],
      "outputs": [],
      "properties": {
        "cnr_id": "comfy-core",
        "ver": "0.3.65",
        "Node name for S&R": "SaveVideo",
        "widget_ue_connectable": {}
      },
      "widgets_values": [
        "video/ComfyUI",
        "auto",
        "auto"
      ]
    },
    {
      "id": 18,
      "type": "SaveVideo",
      "pos": [
        1841.487548828125,
        180.99685668945312
      ],
      "size": [
        315,
        273.6730651855469
      ],
      "flags": {},
      "order": 12,
      "mode": 0,
      "inputs": [
        {
          "label": "video",
          "name": "video",
          "type": "VIDEO",
          "link": 14
        },
        {
          "label": "filename_prefix",
          "name": "filename_prefix",
          "type": "STRING",
          "widget": {
            "name": "filename_prefix"
          }
        },
        {
          "label": "format",
          "name": "format",
          "type": "COMBO",
          "widget": {
            "name": "format"
          }
        },
        {
          "label": "codec",
          "name": "codec",
          "type": "COMBO",
          "widget": {
            "name": "codec"
          }
        }
      ],
      "outputs": [],
      "properties": {
        "cnr_id": "comfy-core",
        "ver": "0.3.65",
        "Node name for S&R": "SaveVideo",
        "widget_ue_connectable": {}
      },
      "widgets_values": [
        "video/ComfyUI",
        "auto",
        "auto"
      ]
    },
    {
      "id": 21,
      "type": "PrimitiveNode",
      "pos": [
        391.66986083984375,
        1126.1671142578125
      ],
      "size": [
        210,
        106
      ],
      "flags": {},
      "order": 1,
      "mode": 0,
      "inputs": [],
      "outputs": [
        {
          "label": "COMBO",
          "name": "COMBO",
          "type": "COMBO",
          "widget": {
            "name": "motion"
          },
          "links": [
            17
          ]
        }
      ],
      "title": "motion",
      "properties": {
        "Run widget replace on values": false,
        "widget_ue_connectable": {}
      },
      "widgets_values": [
        "Low",
        "fixed",
        ""
      ]
    },
    {
      "id": 22,
      "type": "Note",
      "pos": [
        668.9672241210938,
        1146.48291015625
      ],
      "size": [
        210,
        88
      ],
      "flags": {},
      "order": 2,
      "mode": 0,
      "inputs": [],
      "outputs": [],
      "properties": {
        "widget_ue_connectable": {}
      },
      "widgets_values": [
        "运动模式low/high，低动态，高动态"
      ],
      "color": "#432",
      "bgcolor": "#653"
    },
    {
      "id": 14,
      "type": "LoadImage",
      "pos": [
        316.7657775878906,
        717.5068969726562
      ],
      "size": [
        315,
        314
      ],
      "flags": {},
      "order": 3,
      "mode": 0,
      "inputs": [
        {
          "label": "image",
          "name": "image",
          "type": "COMBO",
          "widget": {
            "name": "image"
          }
        },
        {
          "label": "upload",
          "name": "upload",
          "type": "IMAGEUPLOAD",
          "widget": {
            "name": "upload"
          }
        }
      ],
      "outputs": [
        {
          "label": "IMAGE",
          "name": "IMAGE",
          "type": "IMAGE",
          "links": [
            10
          ]
        },
        {
          "label": "MASK",
          "name": "MASK",
          "type": "MASK"
        }
      ],
      "properties": {
        "cnr_id": "comfy-core",
        "ver": "0.3.65",
        "Node name for S&R": "LoadImage",
        "widget_ue_connectable": {},
        "ttNbgOverride": {
          "bgcolor": "#593930",
          "groupcolor": "#b06634",
          "color": "#332922"
        }
      },
      "widgets_values": [
        "b380efb064e7ab085ae97648660bfacb10042b932dbe63553ee48d6512a51439.png",
        "image"
      ],
      "color": "#332922",
      "bgcolor": "#593930"
    },
    {
      "id": 15,
      "type": "Note",
      "pos": [
        1677.3048095703125,
        640.5785522460938
      ],
      "size": [
        465.52880859375,
        134.1642608642578
      ],
      "flags": {},
      "order": 4,
      "mode": 0,
      "inputs": [],
      "outputs": [],
      "properties": {
        "widget_ue_connectable": {}
      },
      "widgets_values": [
        "一次生成4个， 选一个喜欢的即可"
      ],
      "color": "#432",
      "bgcolor": "#653"
    },
    {
      "id": 17,
      "type": "Comfly_mj_video",
      "pos": [
        783.705078125,
        720.9348754882812
      ],
      "size": [
        400,
        308
      ],
      "flags": {},
      "order": 10,
      "mode": 0,
      "inputs": [
        {
          "label": "image",
          "name": "image",
          "shape": 7,
          "type": "IMAGE",
          "link": 10
        },
        {
          "label": "prompt",
          "name": "prompt",
          "type": "STRING",
          "widget": {
            "name": "prompt"
          },
          "link": 18
        },
        {
          "label": "motion",
          "name": "motion",
          "type": "COMBO",
          "widget": {
            "name": "motion"
          },
          "link": 17
        },
        {
          "label": "api_key",
          "name": "api_key",
          "shape": 7,
          "type": "STRING",
          "widget": {
            "name": "api_key"
          },
          "link": 20
        },
        {
          "label": "notify_hook",
          "name": "notify_hook",
          "shape": 7,
          "type": "STRING",
          "widget": {
            "name": "notify_hook"
          }
        },
        {
          "label": "seed",
          "name": "seed",
          "shape": 7,
          "type": "INT",
          "widget": {
            "name": "seed"
          }
        }
      ],
      "outputs": [
        {
          "label": "video1",
          "name": "video1",
          "type": "VIDEO",
          "links": [
            11
          ]
        },
        {
          "label": "video2",
          "name": "video2",
          "type": "VIDEO",
          "links": [
            14
          ]
        },
        {
          "label": "video3",
          "name": "video3",
          "type": "VIDEO",
          "links": [
            15
          ]
        },
        {
          "label": "video4",
          "name": "video4",
          "type": "VIDEO",
          "links": [
            16
          ]
        },
        {
          "label": "task_id",
          "name": "task_id",
          "type": "STRING",
          "links": [
            12
          ]
        },
        {
          "label": "response",
          "name": "response",
          "type": "STRING",
          "links": [
            13
          ]
        }
      ],
      "properties": {
        "cnr_id": "Comfyui_Comfly",
        "ver": "b3185506cac77694fb2130b2e6c978aaa5be111c",
        "Node name for S&R": "Comfly_mj_video",
        "widget_ue_connectable": {}
      },
      "widgets_values": [
        "A woman is speaking in front of the camera, smiling and taking a selfie with her phone in one hand. The phone cannot be seen in the camera, only her hand can be seen, and the other hand makes natural movements as she speak,Staring at the lens,\na scene with a person dressed in traditional attire, likely inspired by East Asian culture\nThe individual is wearing ornate jewelry and a detailed headpiece, suggesting a historical or fantasy setting\nIn the background, there is a scenic landscape with lush greenery, flowers, and a pathway leading to a body of water surrounded by mountains\nSeveral people are walking along the path, some holding lanterns, which adds to the serene and mystical atmosphere of the scene\nThe overall ambiance is tranquil and picturesque, evoking a sense of adventure or exploration.",
        "Low",
        "",
        "",
        0,
        "fixed"
      ]
    },
    {
      "id": 10,
      "type": "Note",
      "pos": [
        633.539794921875,
        399.0921325683594
      ],
      "size": [
        559.0477905273438,
        228.00534057617188
      ],
      "flags": {},
      "order": 5,
      "mode": 0,
      "inputs": [],
      "outputs": [],
      "properties": {
        "widget_ue_connectable": {}
      },
      "widgets_values": [
        "\nAPI申请地址：https://ai.t8star.cn/\n注册送0.2美元\n\n注册后，点击左侧令牌，创建令牌，用Default分组，不要用跟随用户分组！！\n然后复制API到APIKEY即可\n\n如需本地使用，请安装节点：https://github.com/ainewsto/Comfyui_Comfly_v2\n\n图生视频1.4元/4次基准价格"
      ],
      "color": "#432",
      "bgcolor": "#653"
    },
    {
      "id": 25,
      "type": "Note",
      "pos": [
        421.77197265625,
        1354.2279052734375
      ],
      "size": [
        210,
        88
      ],
      "flags": {},
      "order": 6,
      "mode": 0,
      "inputs": [],
      "outputs": [],
      "properties": {
        "widget_ue_connectable": {}
      },
      "widgets_values": [
        "apikey"
      ],
      "color": "#432",
      "bgcolor": "#653"
    },
    {
      "id": 23,
      "type": "CR Prompt Text",
      "pos": [
        -161.66409301757812,
        714.7169189453125
      ],
      "size": [
        400,
        200
      ],
      "flags": {},
      "order": 7,
      "mode": 0,
      "inputs": [
        {
          "label": "prompt",
          "name": "prompt",
          "type": "STRING",
          "widget": {
            "name": "prompt"
          }
        }
      ],
      "outputs": [
        {
          "label": "prompt",
          "name": "prompt",
          "type": "STRING",
          "links": [
            18
          ]
        },
        {
          "label": "show_help",
          "name": "show_help",
          "type": "STRING"
        }
      ],
      "properties": {
        "cnr_id": "ComfyUI_Comfyroll_CustomNodes",
        "ver": "d78b780ae43fcf8c6b7c6505e6ffb4584281ceca",
        "Node name for S&R": "CR Prompt Text",
        "widget_ue_connectable": {}
      },
      "widgets_values": [
        "A woman is speaking in front of the camera, smiling and taking a selfie with her phone in one hand. The phone cannot be seen in the camera, only her hand can be seen, and the other hand makes natural movements as she speak,Staring at the lens,\na scene with a person dressed in traditional attire, likely inspired by East Asian culture\nThe individual is wearing ornate jewelry and a detailed headpiece, suggesting a historical or fantasy setting\nIn the background, there is a scenic landscape with lush greenery, flowers, and a pathway leading to a body of water surrounded by mountains\nSeveral people are walking along the path, some holding lanterns, which adds to the serene and mystical atmosphere of the scene\nThe overall ambiance is tranquil and picturesque, evoking a sense of adventure or exploration."
      ]
    },
    {
      "id": 12,
      "type": "SaveImage",
      "pos": [
        -160.9540557861328,
        1216.2080078125
      ],
      "size": [
        315,
        270
      ],
      "flags": {},
      "order": 9,
      "mode": 0,
      "inputs": [
        {
          "label": "images",
          "name": "images",
          "type": "IMAGE",
          "link": 6
        },
        {
          "label": "filename_prefix",
          "name": "filename_prefix",
          "type": "STRING",
          "widget": {
            "name": "filename_prefix"
          }
        }
      ],
      "outputs": [],
      "properties": {
        "cnr_id": "comfy-core",
        "ver": "0.3.65",
        "Node name for S&R": "SaveImage",
        "widget_ue_connectable": {},
        "ttNbgOverride": {
          "bgcolor": "#593930",
          "groupcolor": "#b06634",
          "color": "#332922"
        }
      },
      "widgets_values": [
        "ComfyUI"
      ],
      "color": "#332922",
      "bgcolor": "#593930"
    },
    {
      "id": 26,
      "type": "Comfly_api_set",
      "pos": [
        681.7832089912323,
        1312.7066151513504
      ],
      "size": [
        270,
        106
      ],
      "flags": {},
      "order": 8,
      "mode": 0,
      "inputs": [],
      "outputs": [
        {
          "name": "apikey",
          "type": "STRING",
          "links": [
            20
          ]
        }
      ],
      "properties": {
        "aux_id": "T8mars/Comfyui-zhenzhen",
        "ver": "adf9e0f39de29353810237fad96984456739fff3",
        "Node name for S&R": "Comfly_api_set"
      },
      "widgets_values": [
        "zhenzhen",
        "",
        ""
      ]
    }
  ],
  "links": [
    [
      6,
      11,
      0,
      12,
      0,
      "IMAGE"
    ],
    [
      10,
      14,
      0,
      17,
      0,
      "IMAGE"
    ],
    [
      11,
      17,
      0,
      16,
      0,
      "VIDEO"
    ],
    [
      12,
      17,
      4,
      6,
      0,
      "*"
    ],
    [
      13,
      17,
      5,
      7,
      0,
      "*"
    ],
    [
      14,
      17,
      1,
      18,
      0,
      "VIDEO"
    ],
    [
      15,
      17,
      2,
      19,
      0,
      "VIDEO"
    ],
    [
      16,
      17,
      3,
      20,
      0,
      "VIDEO"
    ],
    [
      17,
      21,
      0,
      17,
      2,
      "COMBO"
    ],
    [
      18,
      23,
      0,
      17,
      1,
      "STRING"
    ],
    [
      20,
      26,
      0,
      17,
      3,
      "STRING"
    ]
  ],
  "groups": [
    {
      "id": 1,
      "title": "B站、Youtube：T8star-Aix",
      "bounding": [
        344.54876708984375,
        -164.94326782226562,
        4168,
        309
      ],
      "color": "#3f789e",
      "font_size": 240,
      "flags": {}
    },
    {
      "id": 2,
      "title": "这个分组不用管",
      "bounding": [
        -601.5977172851562,
        1082.252197265625,
        765.6436157226562,
        397.6000061035156
      ],
      "color": "#3f789e",
      "font_size": 24,
      "flags": {}
    }
  ],
  "config": {},
  "extra": {
    "ds": {
      "scale": 1.0610764609500027,
      "offset": [
        113.43259857160464,
        -502.81429798919265
      ]
    },
    "links_added_by_ue": [],
    "VHS_KeepIntermediate": true,
    "VHS_MetadataImage": true,
    "ue_links": [],
    "0246.VERSION": [
      0,
      0,
      4
    ],
    "VHS_latentpreviewrate": 0,
    "VHS_latentpreview": true,
    "frontendVersion": "1.28.7"
  },
  "version": 0.4
}