{
	"last_link_id":8,
	"nodes":[
		{
			"mode":0,
			"outputs":[
				{
					"name":"IMAGE",
					"links":[
						1
					],
					"label":"IMAGE",
					"type":"IMAGE",
					"localized_name":"IMAGE"
				},
				{
					"name":"MASK",
					"label":"MASK",
					"type":"MASK",
					"localized_name":"MASK"
				}
			],
			"size":[
				274.080078125,
				314
			],
			"pos":[
				262.8263854980469,
				155.18179321289062
			],
			"widgets_values":[
				"15678637c34c6f9b188b49650f55c38b43f3bc9b356b668350c132fdec1b48fa.jpg",
				"image"
			],
			"inputs":[
				{
					"widget":{
						"name":"image"
					},
					"name":"image",
					"label":"image",
					"type":"COMBO",
					"localized_name":"image"
				},
				{
					"widget":{
						"name":"upload"
					},
					"name":"upload",
					"label":"upload",
					"type":"IMAGEUPLOAD",
					"localized_name":"choose file to upload"
				}
			],
			"flags":{
				
			},
			"id":2,
			"type":"LoadImage",
			"properties":{
				"widget_ue_connectable":{
					
				},
				"Node name for S&R":"LoadImage"
			},
			"order":0
		},
		{
			"mode":0,
			"outputs":[
				{
					"name":"video_url",
					"label":"video_url",
					"type":"STRING",
					"localized_name":"video_url"
				}
			],
			"size":[
				454,
				360.875
			],
			"pos":[
				1487.2261962890625,
				737.6025390625
			],
			"widgets_values":[
				"video/ComfyUI",
				"auto",
				"auto"
			],
			"inputs":[
				{
					"name":"video",
					"link":3,
					"label":"video",
					"type":"VIDEO",
					"localized_name":"video"
				},
				{
					"widget":{
						"name":"filename_prefix"
					},
					"name":"filename_prefix",
					"label":"filename_prefix",
					"type":"STRING",
					"localized_name":"filename_prefix"
				},
				{
					"widget":{
						"name":"format"
					},
					"name":"format",
					"label":"format",
					"type":"COMBO",
					"localized_name":"format"
				},
				{
					"widget":{
						"name":"codec"
					},
					"name":"codec",
					"label":"codec",
					"type":"COMBO",
					"localized_name":"codec"
				}
			],
			"flags":{
				
			},
			"id":4,
			"type":"SaveVideo",
			"properties":{
				"widget_ue_connectable":{
					
				},
				"Node name for S&R":"SaveVideo"
			},
			"order":6
		},
		{
			"outputs":[
				
			],
			"color":"#432",
			"widgets_values":[
				"\nAPI申请地址：https://ai.t8star.cn/register?aff=cbff0534884\n注册送0.2美元\n\n注册后，点击左侧令牌，创建令牌，用Default分组，不要用跟随用户分组！！\n然后复制API到APIKEY即可\n\n如需本地使用，请安装节点：https://github.com/T8mars/Comfyui-zhenzhen"
			],
			"inputs":[
				
			],
			"flags":{
				
			},
			"type":"Note",
			"mode":0,
			"bgcolor":"#653",
			"size":[
				552.959716796875,
				188.51443481445312
			],
			"pos":[
				-310.16241455078125,
				851.2077026367188
			],
			"id":10,
			"properties":{
				
			},
			"order":1
		},
		{
			"mode":0,
			"outputs":[
				{
					"name":"output",
					"label":"output",
					"type":"*",
					"localized_name":"output"
				}
			],
			"size":[
				210,
				88
			],
			"pos":[
				1649.939697265625,
				543.5309448242188
			],
			"widgets_values":[
				"{\"status\": \"success\", \"task_id\": \"908953320201138176\", \"video_url\": \"https://prod-ss-vidu.s3.cn-northwest-1.amazonaws.com.cn/infer/tasks/26/0114/09/908953320201138176/creation-01/video.mp4?X-Amz-Algorithm=AWS4-HMAC-SHA256&X-Amz-Credential=AKIARRHG6JR7EMNHVUWT%2F20260114%2Fcn-northwest-1%2Fs3%2Faws4_request&X-Amz-Date=20260114T092839Z&X-Amz-Expires=86400&X-Amz-SignedHeaders=host&response-cache-control=max-age%3D86400&response-content-disposition=attachment%3Bfilename%3Dgeneral-6-2026-01-14T09%253A28%253A34Z.mp4&x-id=GetObject&X-Amz-Signature=d4246a1c3a4de630f796878a6c11afb39f0541d45a439bf6e775151a3bf5a5f9\", \"model\": \"viduq2\", \"duration\": 5, \"resolution\": \"720p\", \"aspect_ratio\": \"16:9\", \"audio\": false, \"images_count\": 2, \"seed\": 563138987}"
			],
			"inputs":[
				{
					"shape":7,
					"name":"anything",
					"link":6,
					"label":"anything",
					"type":"*",
					"localized_name":"anything"
				}
			],
			"flags":{
				
			},
			"id":7,
			"type":"easy showAnything",
			"properties":{
				"widget_ue_connectable":{
					
				},
				"Node name for S&R":"easy showAnything"
			},
			"order":9
		},
		{
			"mode":0,
			"outputs":[
				{
					"name":"output",
					"label":"output",
					"type":"*",
					"localized_name":"output"
				}
			],
			"size":[
				210,
				88
			],
			"pos":[
				1372.769775390625,
				482.8013610839844
			],
			"widgets_values":[
				"908953320201138176"
			],
			"inputs":[
				{
					"shape":7,
					"name":"anything",
					"link":5,
					"label":"anything",
					"type":"*",
					"localized_name":"anything"
				}
			],
			"flags":{
				
			},
			"id":6,
			"type":"easy showAnything",
			"properties":{
				"widget_ue_connectable":{
					
				},
				"Node name for S&R":"easy showAnything"
			},
			"order":8
		},
		{
			"mode":0,
			"outputs":[
				{
					"name":"apikey",
					"links":[
						7
					],
					"label":"apikey",
					"type":"STRING",
					"localized_name":"apikey"
				}
			],
			"size":[
				270,
				106
			],
			"pos":[
				285.1202087402344,
				940.5016479492188
			],
			"widgets_values":[
				"zhenzhen",
				"",
				""
			],
			"inputs":[
				{
					"widget":{
						"name":"api_base"
					},
					"name":"api_base",
					"label":"api_base",
					"type":"COMBO",
					"localized_name":"api_base"
				},
				{
					"widget":{
						"name":"apikey"
					},
					"name":"apikey",
					"label":"apikey",
					"type":"STRING",
					"localized_name":"apikey"
				},
				{
					"widget":{
						"name":"custom_ip"
					},
					"shape":7,
					"name":"custom_ip",
					"label":"custom_ip",
					"type":"STRING",
					"localized_name":"custom_ip"
				}
			],
			"flags":{
				
			},
			"id":8,
			"type":"Comfly_api_set",
			"properties":{
				"widget_ue_connectable":{
					
				},
				"Node name for S&R":"Comfly_api_set"
			},
			"order":2
		},
		{
			"mode":0,
			"outputs":[
				{
					"name":"IMAGE",
					"links":[
						2
					],
					"label":"IMAGE",
					"type":"IMAGE",
					"localized_name":"IMAGE"
				},
				{
					"name":"MASK",
					"label":"MASK",
					"type":"MASK",
					"localized_name":"MASK"
				}
			],
			"size":[
				274.080078125,
				314
			],
			"pos":[
				278.99835205078125,
				515.9136962890625
			],
			"widgets_values":[
				"6972132aa63dc725ec47b5c812fa4c3ffbef286ad781277dbb9effc5df4e397d.jpeg",
				"image"
			],
			"inputs":[
				{
					"widget":{
						"name":"image"
					},
					"name":"image",
					"label":"image",
					"type":"COMBO",
					"localized_name":"image"
				},
				{
					"widget":{
						"name":"upload"
					},
					"name":"upload",
					"label":"upload",
					"type":"IMAGEUPLOAD",
					"localized_name":"choose file to upload"
				}
			],
			"flags":{
				
			},
			"id":3,
			"type":"LoadImage",
			"properties":{
				"widget_ue_connectable":{
					
				},
				"Node name for S&R":"LoadImage"
			},
			"order":3
		},
		{
			"mode":0,
			"outputs":[
				{
					"name":"output",
					"label":"output",
					"type":"*",
					"localized_name":"output"
				}
			],
			"size":[
				210,
				88
			],
			"pos":[
				1406.088623046875,
				318.0664978027344
			],
			"widgets_values":[
				"https://prod-ss-vidu.s3.cn-northwest-1.amazonaws.com.cn/infer/tasks/26/0114/09/908953320201138176/creation-01/video.mp4?X-Amz-Algorithm=AWS4-HMAC-SHA256&X-Amz-Credential=AKIARRHG6JR7EMNHVUWT%2F20260114%2Fcn-northwest-1%2Fs3%2Faws4_request&X-Amz-Date=20260114T092839Z&X-Amz-Expires=86400&X-Amz-SignedHeaders=host&response-cache-control=max-age%3D86400&response-content-disposition=attachment%3Bfilename%3Dgeneral-6-2026-01-14T09%253A28%253A34Z.mp4&x-id=GetObject&X-Amz-Signature=d4246a1c3a4de630f796878a6c11afb39f0541d45a439bf6e775151a3bf5a5f9"
			],
			"inputs":[
				{
					"shape":7,
					"name":"anything",
					"link":4,
					"label":"anything",
					"type":"*",
					"localized_name":"anything"
				}
			],
			"flags":{
				
			},
			"id":5,
			"type":"easy showAnything",
			"properties":{
				"widget_ue_connectable":{
					
				},
				"Node name for S&R":"easy showAnything"
			},
			"order":7
		},
		{
			"mode":0,
			"outputs":[
				{
					"name":"video",
					"links":[
						3
					],
					"label":"video",
					"type":"VIDEO",
					"localized_name":"video"
				},
				{
					"name":"video_url",
					"links":[
						4
					],
					"label":"video_url",
					"type":"STRING",
					"localized_name":"video_url"
				},
				{
					"name":"task_id",
					"links":[
						5
					],
					"label":"task_id",
					"type":"STRING",
					"localized_name":"task_id"
				},
				{
					"name":"response",
					"links":[
						6
					],
					"label":"response",
					"type":"STRING",
					"localized_name":"response"
				}
			],
			"size":[
				400,
				664
			],
			"pos":[
				903,
				254
			],
			"widgets_values":[
				"图1的女人 拿着图2的图案的亚克力立牌，背景是教室",
				"viduq2",
				"",
				false,
				"1",
				"",
				"2",
				"",
				"3",
				"",
				5,
				1988493342,
				"randomize",
				"16:9",
				"720p",
				"auto",
				false,
				false,
				false,
				3
			],
			"inputs":[
				{
					"shape":7,
					"name":"image1",
					"link":1,
					"label":"image1",
					"type":"IMAGE",
					"localized_name":"image1"
				},
				{
					"shape":7,
					"name":"image2",
					"link":2,
					"label":"image2",
					"type":"IMAGE",
					"localized_name":"image2"
				},
				{
					"shape":7,
					"name":"image3",
					"label":"image3",
					"type":"IMAGE",
					"localized_name":"image3"
				},
				{
					"shape":7,
					"name":"image4",
					"label":"image4",
					"type":"IMAGE",
					"localized_name":"image4"
				},
				{
					"shape":7,
					"name":"image5",
					"label":"image5",
					"type":"IMAGE",
					"localized_name":"image5"
				},
				{
					"shape":7,
					"name":"image6",
					"label":"image6",
					"type":"IMAGE",
					"localized_name":"image6"
				},
				{
					"shape":7,
					"name":"image7",
					"label":"image7",
					"type":"IMAGE",
					"localized_name":"image7"
				},
				{
					"widget":{
						"name":"prompt"
					},
					"name":"prompt",
					"link":8,
					"label":"prompt",
					"type":"STRING",
					"localized_name":"prompt"
				},
				{
					"widget":{
						"name":"model"
					},
					"name":"model",
					"label":"model",
					"type":"COMBO",
					"localized_name":"model"
				},
				{
					"widget":{
						"name":"api_key"
					},
					"shape":7,
					"name":"api_key",
					"link":7,
					"label":"api_key",
					"type":"STRING",
					"localized_name":"api_key"
				},
				{
					"widget":{
						"name":"audio"
					},
					"shape":7,
					"name":"audio",
					"label":"audio",
					"type":"BOOLEAN",
					"localized_name":"audio"
				},
				{
					"widget":{
						"name":"subject1_id"
					},
					"shape":7,
					"name":"subject1_id",
					"label":"subject1_id",
					"type":"STRING",
					"localized_name":"subject1_id"
				},
				{
					"widget":{
						"name":"subject1_voice_id"
					},
					"shape":7,
					"name":"subject1_voice_id",
					"label":"subject1_voice_id",
					"type":"COMBO",
					"localized_name":"subject1_voice_id"
				},
				{
					"widget":{
						"name":"subject2_id"
					},
					"shape":7,
					"name":"subject2_id",
					"label":"subject2_id",
					"type":"STRING",
					"localized_name":"subject2_id"
				},
				{
					"widget":{
						"name":"subject2_voice_id"
					},
					"shape":7,
					"name":"subject2_voice_id",
					"label":"subject2_voice_id",
					"type":"COMBO",
					"localized_name":"subject2_voice_id"
				},
				{
					"widget":{
						"name":"subject3_id"
					},
					"shape":7,
					"name":"subject3_id",
					"label":"subject3_id",
					"type":"STRING",
					"localized_name":"subject3_id"
				},
				{
					"widget":{
						"name":"subject3_voice_id"
					},
					"shape":7,
					"name":"subject3_voice_id",
					"label":"subject3_voice_id",
					"type":"COMBO",
					"localized_name":"subject3_voice_id"
				},
				{
					"widget":{
						"name":"duration"
					},
					"shape":7,
					"name":"duration",
					"label":"duration",
					"type":"INT",
					"localized_name":"duration"
				},
				{
					"widget":{
						"name":"seed"
					},
					"shape":7,
					"name":"seed",
					"label":"seed",
					"type":"INT",
					"localized_name":"seed"
				},
				{
					"widget":{
						"name":"aspect_ratio"
					},
					"shape":7,
					"name":"aspect_ratio",
					"label":"aspect_ratio",
					"type":"COMBO",
					"localized_name":"aspect_ratio"
				},
				{
					"widget":{
						"name":"resolution"
					},
					"shape":7,
					"name":"resolution",
					"label":"resolution",
					"type":"COMBO",
					"localized_name":"resolution"
				},
				{
					"widget":{
						"name":"movement_amplitude"
					},
					"shape":7,
					"name":"movement_amplitude",
					"label":"movement_amplitude",
					"type":"COMBO",
					"localized_name":"movement_amplitude"
				},
				{
					"widget":{
						"name":"bgm"
					},
					"shape":7,
					"name":"bgm",
					"label":"bgm",
					"type":"BOOLEAN",
					"localized_name":"bgm"
				},
				{
					"widget":{
						"name":"off_peak"
					},
					"shape":7,
					"name":"off_peak",
					"label":"off_peak",
					"type":"BOOLEAN",
					"localized_name":"off_peak"
				},
				{
					"widget":{
						"name":"watermark"
					},
					"shape":7,
					"name":"watermark",
					"label":"watermark",
					"type":"BOOLEAN",
					"localized_name":"watermark"
				},
				{
					"widget":{
						"name":"wm_position"
					},
					"shape":7,
					"name":"wm_position",
					"label":"wm_position",
					"type":"COMBO",
					"localized_name":"wm_position"
				}
			],
			"flags":{
				
			},
			"id":1,
			"type":"Comfly_vidu_ref2video",
			"properties":{
				"widget_ue_connectable":{
					
				},
				"Node name for S&R":"Comfly_vidu_ref2video"
			},
			"order":5
		},
		{
			"mode":0,
			"outputs":[
				{
					"name":"prompt",
					"links":[
						8
					],
					"label":"prompt",
					"type":"STRING",
					"localized_name":"prompt"
				},
				{
					"name":"show_help",
					"label":"show_help",
					"type":"STRING",
					"localized_name":"show_help"
				}
			],
			"size":[
				400,
				200
			],
			"pos":[
				170.94515991210938,
				1150.9476318359375
			],
			"widgets_values":[
				"图1的女人 拿着图2的图案的亚克力立牌，背景是教室"
			],
			"inputs":[
				{
					"widget":{
						"name":"prompt"
					},
					"name":"prompt",
					"label":"prompt",
					"type":"STRING",
					"localized_name":"prompt"
				}
			],
			"flags":{
				
			},
			"id":11,
			"type":"CR Prompt Text",
			"properties":{
				"widget_ue_connectable":{
					
				},
				"Node name for S&R":"CR Prompt Text"
			},
			"order":4
		}
	],
	"extra":{
		"links_added_by_ue":[
			
		],
		"ue_links":[
			
		],
		"0246.VERSION":[
			0,
			0,
			4
		],
		"ds":{
			"offset":[
				-14.717040628850299,
				-181.6490164533481
			],
			"scale":0.8769226950000019
		}
	},
	"groups":[
		{
			"color":"#3f789e",
			"font_size":240,
			"flags":{
				
			},
			"id":2,
			"title":"B站、Youtube：T8star-Aix",
			"bounding":[
				-52.409027099609375,
				-539.4598388671875,
				4168,
				309
			]
		}
	],
	"links":[
		[
			1,
			2,
			0,
			1,
			0,
			"IMAGE"
		],
		[
			2,
			3,
			0,
			1,
			1,
			"IMAGE"
		],
		[
			3,
			1,
			0,
			4,
			0,
			"VIDEO"
		],
		[
			4,
			1,
			1,
			5,
			0,
			"*"
		],
		[
			5,
			1,
			2,
			6,
			0,
			"*"
		],
		[
			6,
			1,
			3,
			7,
			0,
			"*"
		],
		[
			7,
			8,
			0,
			1,
			9,
			"STRING"
		],
		[
			8,
			11,
			0,
			1,
			7,
			"STRING"
		]
	],
	"id":"97d7de53-85ec-498b-9a37-3959556161dd",
	"config":{
		
	},
	"version":0.4,
	"last_node_id":11,
	"revision":0
}