{
  "id": "242a6140-7341-49ca-876b-c01366b39b84",
  "revision": 0,
  "last_node_id": 119,
  "last_link_id": 130,
  "nodes": [
    {
      "id": 109,
      "type": "ImageConcanate",
      "pos": [
        -1276.7125547868307,
        1036.0078891152893
      ],
      "size": [
        270,
        102
      ],
      "flags": {},
      "order": 4,
      "mode": 0,
      "inputs": [
        {
          "name": "image1",
          "type": "IMAGE",
          "link": 110
        },
        {
          "name": "image2",
          "type": "IMAGE",
          "link": 111
        }
      ],
      "outputs": [
        {
          "name": "IMAGE",
          "type": "IMAGE",
          "links": [
            119
          ]
        }
      ],
      "properties": {
        "cnr_id": "comfyui-kjnodes",
        "ver": "246920d8b9c33df3deaecc6af3c26ae9d368d499",
        "Node name for S&R": "ImageConcanate"
      },
      "widgets_values": [
        "down",
        true
      ]
    },
    {
      "id": 111,
      "type": "easy showAnything",
      "pos": [
        -1150.6907946750625,
        335.24300616280567
      ],
      "size": [
        210,
        88
      ],
      "flags": {},
      "order": 10,
      "mode": 0,
      "inputs": [
        {
          "name": "anything",
          "shape": 7,
          "type": "*",
          "link": 123
        }
      ],
      "outputs": [
        {
          "name": "output",
          "type": "*",
          "links": null
        }
      ],
      "properties": {
        "cnr_id": "comfyui-easy-use",
        "ver": "9947b8be70e17ceabafa4fa7f476b54626de4704",
        "Node name for S&R": "easy showAnything"
      },
      "widgets_values": [
        "https://webstatic.aiproxy.vip/output/20251206/9208/42b083cc-338f-435c-a1d7-a1aa257b7c25.png"
      ]
    },
    {
      "id": 113,
      "type": "SaveImage",
      "pos": [
        -358.48580314174313,
        812.3265168089068
      ],
      "size": [
        270,
        270
      ],
      "flags": {},
      "order": 8,
      "mode": 0,
      "inputs": [
        {
          "name": "images",
          "type": "IMAGE",
          "link": 113
        }
      ],
      "outputs": [],
      "properties": {
        "cnr_id": "comfy-core",
        "ver": "0.3.75",
        "Node name for S&R": "SaveImage"
      },
      "widgets_values": [
        "ComfyUI"
      ]
    },
    {
      "id": 114,
      "type": "SaveImage",
      "pos": [
        -710.3585716164637,
        296.9693970459453
      ],
      "size": [
        270,
        270
      ],
      "flags": {},
      "order": 9,
      "mode": 0,
      "inputs": [
        {
          "name": "images",
          "type": "IMAGE",
          "link": 122
        }
      ],
      "outputs": [],
      "properties": {
        "cnr_id": "comfy-core",
        "ver": "0.3.71",
        "Node name for S&R": "SaveImage"
      },
      "widgets_values": [
        "ComfyUI"
      ]
    },
    {
      "id": 116,
      "type": "easy showAnything",
      "pos": [
        -1133.192321122241,
        489.89268917969326
      ],
      "size": [
        323.74182237840296,
        156.48195525665585
      ],
      "flags": {},
      "order": 11,
      "mode": 0,
      "inputs": [
        {
          "name": "anything",
          "shape": 7,
          "type": "*",
          "link": 124
        }
      ],
      "outputs": [
        {
          "name": "output",
          "type": "*",
          "links": null
        }
      ],
      "properties": {
        "cnr_id": "comfyui-easy-use",
        "ver": "9947b8be70e17ceabafa4fa7f476b54626de4704",
        "Node name for S&R": "easy showAnything"
      },
      "widgets_values": [
        "47de229ac4444b3abd32d0f9bd465450"
      ]
    },
    {
      "id": 118,
      "type": "easy showAnything",
      "pos": [
        -1129.027511223961,
        700.3494542028142
      ],
      "size": [
        468.6351260030741,
        265.4371560137904
      ],
      "flags": {},
      "order": 12,
      "mode": 0,
      "inputs": [
        {
          "name": "anything",
          "shape": 7,
          "type": "*",
          "link": 125
        }
      ],
      "outputs": [
        {
          "name": "output",
          "type": "*",
          "links": null
        }
      ],
      "properties": {
        "cnr_id": "comfyui-easy-use",
        "ver": "9947b8be70e17ceabafa4fa7f476b54626de4704",
        "Node name for S&R": "easy showAnything"
      },
      "widgets_values": [
        "{\"status\": \"success\", \"task_id\": \"47de229ac4444b3abd32d0f9bd465450\", \"model\": \"nano-banana-2\", \"mode\": \"img2img\", \"prompt\": \"\\u4e24\\u4e2a\\u4eba\\u62b1\\u5728\\u4e00\\u8d77\", \"aspect_ratio\": \"auto\", \"image_size\": \"2K\", \"seed\": 1628509512, \"images_count\": 1, \"image_url\": \"https://webstatic.aiproxy.vip/output/20251206/9208/42b083cc-338f-435c-a1d7-a1aa257b7c25.png\", \"all_urls\": [\"https://webstatic.aiproxy.vip/output/20251206/9208/42b083cc-338f-435c-a1d7-a1aa257b7c25.png\"]}"
      ]
    },
    {
      "id": 107,
      "type": "LoadImage",
      "pos": [
        -2150.5527290622204,
        300.71652128127886
      ],
      "size": [
        270,
        314
      ],
      "flags": {},
      "order": 0,
      "mode": 0,
      "inputs": [],
      "outputs": [
        {
          "name": "IMAGE",
          "type": "IMAGE",
          "links": [
            110,
            120,
            126
          ]
        },
        {
          "name": "MASK",
          "type": "MASK",
          "links": null
        }
      ],
      "properties": {
        "cnr_id": "comfy-core",
        "ver": "0.3.71",
        "Node name for S&R": "LoadImage"
      },
      "widgets_values": [
        "23ad81957915c488c5d29a952d13b024501d2a35fb12e11921c234ab759ca968.png",
        "image"
      ]
    },
    {
      "id": 112,
      "type": "LoadImage",
      "pos": [
        -2231.1299971397543,
        892.9708015166157
      ],
      "size": [
        270,
        314.00000000000006
      ],
      "flags": {},
      "order": 1,
      "mode": 0,
      "inputs": [],
      "outputs": [
        {
          "name": "IMAGE",
          "type": "IMAGE",
          "links": [
            111,
            127
          ]
        },
        {
          "name": "MASK",
          "type": "MASK",
          "links": null
        }
      ],
      "properties": {
        "cnr_id": "comfy-core",
        "ver": "0.3.71",
        "Node name for S&R": "LoadImage"
      },
      "widgets_values": [
        "微信图片_2025-11-23_114429_310.jpg",
        "image"
      ]
    },
    {
      "id": 108,
      "type": "Comfly_api_set",
      "pos": [
        -2494.3019525990417,
        588.689017090294
      ],
      "size": [
        270,
        106
      ],
      "flags": {},
      "order": 5,
      "mode": 0,
      "inputs": [
        {
          "name": "apikey",
          "type": "STRING",
          "widget": {
            "name": "apikey"
          },
          "link": 109
        }
      ],
      "outputs": [
        {
          "name": "apikey",
          "type": "STRING",
          "links": [
            128
          ]
        }
      ],
      "properties": {
        "aux_id": "T8mars/Comfyui-zhenzhen",
        "ver": "a374cba455529175dfbe7205090b4bba15814bfe",
        "Node name for S&R": "Comfly_api_set"
      },
      "widgets_values": [
        "zhenzhen",
        "",
        ""
      ]
    },
    {
      "id": 119,
      "type": "Comfly_nano_banana2_edit_S2A",
      "pos": [
        -1709.2369473556075,
        129.69140770133876
      ],
      "size": [
        400,
        564
      ],
      "flags": {},
      "order": 7,
      "mode": 0,
      "inputs": [
        {
          "name": "image1",
          "shape": 7,
          "type": "IMAGE",
          "link": 126
        },
        {
          "name": "image2",
          "shape": 7,
          "type": "IMAGE",
          "link": 127
        },
        {
          "name": "image3",
          "shape": 7,
          "type": "IMAGE",
          "link": null
        },
        {
          "name": "image4",
          "shape": 7,
          "type": "IMAGE",
          "link": null
        },
        {
          "name": "image5",
          "shape": 7,
          "type": "IMAGE",
          "link": null
        },
        {
          "name": "image6",
          "shape": 7,
          "type": "IMAGE",
          "link": null
        },
        {
          "name": "image7",
          "shape": 7,
          "type": "IMAGE",
          "link": null
        },
        {
          "name": "image8",
          "shape": 7,
          "type": "IMAGE",
          "link": null
        },
        {
          "name": "image9",
          "shape": 7,
          "type": "IMAGE",
          "link": null
        },
        {
          "name": "image10",
          "shape": 7,
          "type": "IMAGE",
          "link": null
        },
        {
          "name": "image11",
          "shape": 7,
          "type": "IMAGE",
          "link": null
        },
        {
          "name": "image12",
          "shape": 7,
          "type": "IMAGE",
          "link": null
        },
        {
          "name": "image13",
          "shape": 7,
          "type": "IMAGE",
          "link": null
        },
        {
          "name": "image14",
          "shape": 7,
          "type": "IMAGE",
          "link": null
        },
        {
          "name": "apikey",
          "shape": 7,
          "type": "STRING",
          "widget": {
            "name": "apikey"
          },
          "link": 128
        }
      ],
      "outputs": [
        {
          "name": "image",
          "type": "IMAGE",
          "links": [
            122
          ]
        },
        {
          "name": "image_url",
          "type": "STRING",
          "links": [
            123
          ]
        },
        {
          "name": "task_id",
          "type": "STRING",
          "links": [
            124
          ]
        },
        {
          "name": "response",
          "type": "STRING",
          "links": [
            125
          ]
        }
      ],
      "properties": {
        "aux_id": "T8mars/Comfyui-zhenzhen",
        "ver": "b23a876518fc46136ac2ac45cc60ebb38795e415",
        "Node name for S&R": "Comfly_nano_banana2_edit_S2A"
      },
      "widgets_values": [
        "",
        "text2img",
        "nano-banana-2",
        "auto",
        "2K",
        "",
        "",
        "url",
        2051827243,
        "randomize"
      ]
    },
    {
      "id": 110,
      "type": "CR Prompt Text",
      "pos": [
        -2840.9478558127594,
        262.6884703500853
      ],
      "size": [
        400,
        200
      ],
      "flags": {
        "collapsed": false
      },
      "order": 2,
      "mode": 0,
      "inputs": [],
      "outputs": [
        {
          "name": "prompt",
          "type": "STRING",
          "links": [
            109
          ]
        },
        {
          "name": "show_help",
          "type": "STRING",
          "links": null
        }
      ],
      "properties": {
        "cnr_id": "ComfyUI_Comfyroll_CustomNodes",
        "ver": "d78b780ae43fcf8c6b7c6505e6ffb4584281ceca",
        "Node name for S&R": "CR Prompt Text"
      },
      "widgets_values": [
        "\n"
      ]
    },
    {
      "id": 93,
      "type": "Note",
      "pos": [
        -3148.1482204290473,
        329.4216623458291
      ],
      "size": [
        242.84572326965463,
        123.50205732086079
      ],
      "flags": {},
      "order": 3,
      "mode": 0,
      "inputs": [],
      "outputs": [],
      "properties": {},
      "widgets_values": [
        "api获取地址：https://ai.t8star.cn/register?aff=dP7j\n注册送0.2积分，每天工作台签到送积分\n"
      ],
      "color": "#432",
      "bgcolor": "#653"
    },
    {
      "id": 117,
      "type": "ImageConcanate",
      "pos": [
        -755.8881303025951,
        1136.0558861205097
      ],
      "size": [
        270,
        102
      ],
      "flags": {},
      "order": 6,
      "mode": 0,
      "inputs": [
        {
          "name": "image1",
          "type": "IMAGE",
          "link": 119
        },
        {
          "name": "image2",
          "type": "IMAGE",
          "link": 120
        }
      ],
      "outputs": [
        {
          "name": "IMAGE",
          "type": "IMAGE",
          "links": [
            113
          ]
        }
      ],
      "properties": {
        "cnr_id": "comfyui-kjnodes",
        "ver": "246920d8b9c33df3deaecc6af3c26ae9d368d499",
        "Node name for S&R": "ImageConcanate"
      },
      "widgets_values": [
        "right",
        true
      ]
    }
  ],
  "links": [
    [
      109,
      110,
      0,
      108,
      0,
      "STRING"
    ],
    [
      110,
      107,
      0,
      109,
      0,
      "IMAGE"
    ],
    [
      111,
      112,
      0,
      109,
      1,
      "IMAGE"
    ],
    [
      113,
      117,
      0,
      113,
      0,
      "IMAGE"
    ],
    [
      119,
      109,
      0,
      117,
      0,
      "IMAGE"
    ],
    [
      120,
      107,
      0,
      117,
      1,
      "IMAGE"
    ],
    [
      122,
      119,
      0,
      114,
      0,
      "IMAGE"
    ],
    [
      123,
      119,
      1,
      111,
      0,
      "*"
    ],
    [
      124,
      119,
      2,
      116,
      0,
      "*"
    ],
    [
      125,
      119,
      3,
      118,
      0,
      "*"
    ],
    [
      126,
      107,
      0,
      119,
      0,
      "IMAGE"
    ],
    [
      127,
      112,
      0,
      119,
      1,
      "IMAGE"
    ],
    [
      128,
      108,
      0,
      119,
      14,
      "STRING"
    ]
  ],
  "groups": [
    {
      "id": 1,
      "title": "B站、Youtube:T8star-Aix",
      "bounding": [
        -3060.765399083281,
        -396.2282034264812,
        2859.113137206591,
        350.23877952853917
      ],
      "color": "#3f789e",
      "font_size": 240,
      "flags": {}
    }
  ],
  "config": {},
  "extra": {
    "ds": {
      "scale": 1.0884838161021246,
      "offset": [
        2299.794322359998,
        421.13085568266445
      ]
    },
    "frontendVersion": "1.30.6",
    "VHS_latentpreview": true,
    "VHS_latentpreviewrate": 0,
    "VHS_MetadataImage": true,
    "VHS_KeepIntermediate": true
  },
  "version": 0.4
}