{
  "id": "b1bbf138-a503-4d9b-bca8-918bbb1f276e",
  "revision": 0,
  "last_node_id": 82,
  "last_link_id": 103,
  "nodes": [
    {
      "id": 55,
      "type": "easy showAnything",
      "pos": [
        3886.706787109375,
        761.4865112304688
      ],
      "size": [
        402.2673034667969,
        141.43382263183594
      ],
      "flags": {},
      "order": 11,
      "mode": 0,
      "inputs": [
        {
          "label": "anything",
          "name": "anything",
          "shape": 7,
          "type": "*",
          "link": 101
        }
      ],
      "outputs": [
        {
          "label": "output",
          "name": "output",
          "type": "*"
        }
      ],
      "properties": {
        "cnr_id": "comfyui-easy-use",
        "ver": "1148fbe5fe0276780c56f0adfa22b96d5200d832",
        "Node name for S&R": "easy showAnything",
        "widget_ue_connectable": {},
        "ttNbgOverride": {
          "bgcolor": "#533",
          "groupcolor": "#A88",
          "color": "#322"
        }
      },
      "widgets_values": [
        "{\"status\": \"success\", \"task_id\": \"sora-2-pro:task_01k7tpchcnfrgabsprva6ajehn\", \"prompt\": \"\\u70ed\\u6c14\\u7403\\u7684\\u6545\\u4e8b\", \"model\": \"sora-2-pro\", \"aspect_ratio\": \"9:16\", \"duration\": \"15\", \"hd\": true, \"video_url\": \"https://filesystem.site/cdn/20251018/7f1e4fe061b4b390d820915109485d.mp4\"}"
      ],
      "color": "#322",
      "bgcolor": "#533"
    },
    {
      "id": 59,
      "type": "Note",
      "pos": [
        2334.229736328125,
        547.592041015625
      ],
      "size": [
        251.232666015625,
        123.35426330566406
      ],
      "flags": {},
      "order": 0,
      "mode": 0,
      "inputs": [],
      "outputs": [],
      "properties": {
        "widget_ue_connectable": {}
      },
      "widgets_values": [
        "https://ai.t8star.cn/ 获取API地址\n国庆期间，每个视频仅收取0.01元人民币\n\n注册送0.2，每日签到也送"
      ],
      "color": "#432",
      "bgcolor": "#653"
    },
    {
      "id": 73,
      "type": "Note",
      "pos": [
        2386.9970703125,
        367.7016906738281
      ],
      "size": [
        210,
        88
      ],
      "flags": {},
      "order": 1,
      "mode": 0,
      "inputs": [],
      "outputs": [],
      "properties": {
        "widget_ue_connectable": {}
      },
      "widgets_values": [
        "api key"
      ],
      "color": "#432",
      "bgcolor": "#653"
    },
    {
      "id": 78,
      "type": "SaveImage",
      "pos": [
        2810.339599609375,
        1142.1143798828125
      ],
      "size": [
        270,
        270
      ],
      "flags": {},
      "order": 7,
      "mode": 0,
      "inputs": [
        {
          "label": "images",
          "name": "images",
          "type": "IMAGE",
          "link": 95
        },
        {
          "label": "filename_prefix",
          "name": "filename_prefix",
          "type": "STRING",
          "widget": {
            "name": "filename_prefix"
          }
        }
      ],
      "outputs": [],
      "properties": {
        "cnr_id": "comfy-core",
        "ver": "0.3.65",
        "Node name for S&R": "SaveImage",
        "widget_ue_connectable": {},
        "ttNbgOverride": {
          "bgcolor": "#533",
          "groupcolor": "#A88",
          "color": "#322"
        }
      },
      "widgets_values": [
        "ComfyUI"
      ],
      "color": "#322",
      "bgcolor": "#533"
    },
    {
      "id": 54,
      "type": "easy showAnything",
      "pos": [
        3873.218017578125,
        457.58648681640625
      ],
      "size": [
        430.6808776855469,
        224.9739532470703
      ],
      "flags": {},
      "order": 10,
      "mode": 0,
      "inputs": [
        {
          "label": "anything",
          "name": "anything",
          "shape": 7,
          "type": "*",
          "link": 100
        }
      ],
      "outputs": [
        {
          "label": "output",
          "name": "output",
          "type": "*"
        }
      ],
      "properties": {
        "cnr_id": "comfyui-easy-use",
        "ver": "1148fbe5fe0276780c56f0adfa22b96d5200d832",
        "Node name for S&R": "easy showAnything",
        "widget_ue_connectable": {},
        "ttNbgOverride": {
          "bgcolor": "#533",
          "groupcolor": "#A88",
          "color": "#322"
        }
      },
      "widgets_values": [
        "https://filesystem.site/cdn/20251018/7f1e4fe061b4b390d820915109485d.mp4"
      ],
      "color": "#322",
      "bgcolor": "#533"
    },
    {
      "id": 75,
      "type": "CR Prompt Text",
      "pos": [
        2700.188232421875,
        814.8480834960938
      ],
      "size": [
        400,
        200
      ],
      "flags": {},
      "order": 2,
      "mode": 0,
      "inputs": [
        {
          "label": "prompt",
          "name": "prompt",
          "type": "STRING",
          "widget": {
            "name": "prompt"
          }
        }
      ],
      "outputs": [
        {
          "label": "prompt",
          "name": "prompt",
          "type": "STRING",
          "links": [
            96
          ]
        },
        {
          "label": "show_help",
          "name": "show_help",
          "type": "STRING"
        }
      ],
      "properties": {
        "cnr_id": "ComfyUI_Comfyroll_CustomNodes",
        "ver": "d78b780ae43fcf8c6b7c6505e6ffb4584281ceca",
        "Node name for S&R": "CR Prompt Text",
        "widget_ue_connectable": {},
        "ttNbgOverride": {
          "bgcolor": "#533",
          "groupcolor": "#A88",
          "color": "#322"
        }
      },
      "widgets_values": [
        "热气球的故事"
      ],
      "color": "#322",
      "bgcolor": "#533"
    },
    {
      "id": 50,
      "type": "LoadImage",
      "pos": [
        2789.13623046875,
        150.35462951660156
      ],
      "size": [
        270,
        314
      ],
      "flags": {},
      "order": 3,
      "mode": 0,
      "inputs": [
        {
          "label": "image",
          "name": "image",
          "type": "COMBO",
          "widget": {
            "name": "image"
          }
        },
        {
          "label": "upload",
          "name": "upload",
          "type": "IMAGEUPLOAD",
          "widget": {
            "name": "upload"
          }
        }
      ],
      "outputs": [
        {
          "label": "IMAGE",
          "name": "IMAGE",
          "type": "IMAGE",
          "links": [
            95,
            98
          ]
        },
        {
          "label": "MASK",
          "name": "MASK",
          "type": "MASK"
        }
      ],
      "properties": {
        "cnr_id": "comfy-core",
        "ver": "0.3.62",
        "Node name for S&R": "LoadImage",
        "widget_ue_connectable": {},
        "ttNbgOverride": {
          "bgcolor": "#533",
          "groupcolor": "#A88",
          "color": "#322"
        }
      },
      "widgets_values": [
        "4f2e08373a965f962558122017d0d55b5ea79676f932bb31375ae90f5151244d.jpg",
        "image"
      ],
      "color": "#322",
      "bgcolor": "#533"
    },
    {
      "id": 63,
      "type": "Note",
      "pos": [
        4333.01220703125,
        467.85736083984375
      ],
      "size": [
        312.6282653808594,
        144.85118103027344
      ],
      "flags": {},
      "order": 4,
      "mode": 0,
      "inputs": [],
      "outputs": [],
      "properties": {
        "widget_ue_connectable": {}
      },
      "widgets_values": [
        "复制地址到浏览器打开就是视频"
      ],
      "color": "#432",
      "bgcolor": "#653"
    },
    {
      "id": 79,
      "type": "Comfly_sora2",
      "pos": [
        3264.64013671875,
        46.985225677490234
      ],
      "size": [
        400,
        316
      ],
      "flags": {},
      "order": 8,
      "mode": 0,
      "inputs": [
        {
          "label": "image1",
          "name": "image1",
          "shape": 7,
          "type": "IMAGE",
          "link": 98
        },
        {
          "label": "image2",
          "name": "image2",
          "shape": 7,
          "type": "IMAGE"
        },
        {
          "label": "image3",
          "name": "image3",
          "shape": 7,
          "type": "IMAGE"
        },
        {
          "label": "image4",
          "name": "image4",
          "shape": 7,
          "type": "IMAGE"
        },
        {
          "label": "prompt",
          "name": "prompt",
          "type": "STRING",
          "widget": {
            "name": "prompt"
          },
          "link": 96
        },
        {
          "label": "model",
          "name": "model",
          "type": "COMBO",
          "widget": {
            "name": "model"
          }
        },
        {
          "label": "aspect_ratio",
          "name": "aspect_ratio",
          "type": "COMBO",
          "widget": {
            "name": "aspect_ratio"
          }
        },
        {
          "label": "duration",
          "name": "duration",
          "type": "COMBO",
          "widget": {
            "name": "duration"
          }
        },
        {
          "label": "hd",
          "name": "hd",
          "type": "BOOLEAN",
          "widget": {
            "name": "hd"
          }
        },
        {
          "label": "apikey",
          "name": "apikey",
          "type": "STRING",
          "widget": {
            "name": "apikey"
          },
          "link": 103
        },
        {
          "label": "seed",
          "name": "seed",
          "shape": 7,
          "type": "INT",
          "widget": {
            "name": "seed"
          }
        }
      ],
      "outputs": [
        {
          "label": "video",
          "name": "video",
          "type": "VIDEO",
          "links": [
            99
          ]
        },
        {
          "label": "video_url",
          "name": "video_url",
          "type": "STRING",
          "links": [
            100
          ]
        },
        {
          "label": "response",
          "name": "response",
          "type": "STRING",
          "links": [
            101
          ]
        }
      ],
      "properties": {
        "cnr_id": "Comfyui_Comfly",
        "ver": "c2e2b28a3804d396bc33bbe116f614d34d8f818f",
        "Node name for S&R": "Comfly_sora2",
        "aux_id": "ainewsto/Comfyui_Comfly_v2",
        "ue_properties": {
          "widget_ue_connectable": {},
          "input_ue_unconnectable": {}
        },
        "widget_ue_connectable": {
          "apikey": true
        },
        "ttNbgOverride": {
          "bgcolor": "#533",
          "groupcolor": "#A88",
          "color": "#322"
        }
      },
      "widgets_values": [
        "一个美丽的中国女孩，穿越到中国古代东汉末年赤壁大战的现场，拿着手机自拍杆做现场直播",
        "sora-2-pro",
        "9:16",
        "15",
        true,
        "",
        1069238470,
        "randomize"
      ],
      "color": "#322",
      "bgcolor": "#533"
    },
    {
      "id": 81,
      "type": "Note",
      "pos": [
        3321.54248046875,
        561.1434936523438
      ],
      "size": [
        413.864501953125,
        199.27297973632812
      ],
      "flags": {},
      "order": 5,
      "mode": 0,
      "inputs": [],
      "outputs": [],
      "properties": {
        "widget_ue_connectable": {}
      },
      "widgets_values": [
        "目前模型分为sora-2和sora-2-pro版\n\nsora-2 偶发性出水印，价格基准0.1RMB，不支持HD，可选10S和15S，支持横版竖版\nsora-2 Pro，无水印，基准价格1.7RMB，10S和15S支持HD，25S不支持HD，支持横版竖版\n\n务必注意25S不要和HD同时开！\n\n25S 大概需要30分钟\n15S HD大概需要20分钟\n10S 非HD大概5分钟左右\n15S 非HD大概10分钟左右\n\n由于并发压力不同，以上时间仅供参考"
      ],
      "color": "#432",
      "bgcolor": "#653"
    },
    {
      "id": 80,
      "type": "SaveVideo",
      "pos": [
        3852.4453125,
        152.29054260253906
      ],
      "size": [
        474.7663269042969,
        928.841064453125
      ],
      "flags": {},
      "order": 9,
      "mode": 0,
      "inputs": [
        {
          "label": "video",
          "name": "video",
          "type": "VIDEO",
          "link": 99
        },
        {
          "label": "filename_prefix",
          "name": "filename_prefix",
          "type": "STRING",
          "widget": {
            "name": "filename_prefix"
          }
        },
        {
          "label": "format",
          "name": "format",
          "type": "COMBO",
          "widget": {
            "name": "format"
          }
        },
        {
          "label": "codec",
          "name": "codec",
          "type": "COMBO",
          "widget": {
            "name": "codec"
          }
        }
      ],
      "outputs": [],
      "properties": {
        "cnr_id": "comfy-core",
        "ver": "0.3.65",
        "Node name for S&R": "SaveVideo",
        "widget_ue_connectable": {},
        "ttNbgOverride": {
          "bgcolor": "#533",
          "groupcolor": "#A88",
          "color": "#322"
        }
      },
      "widgets_values": [
        "video/ComfyUI",
        "auto",
        "auto"
      ],
      "color": "#322",
      "bgcolor": "#533"
    },
    {
      "id": 82,
      "type": "Comfly_api_set",
      "pos": [
        2812.41560558281,
        543.9863506966992
      ],
      "size": [
        270,
        106
      ],
      "flags": {},
      "order": 6,
      "mode": 0,
      "inputs": [],
      "outputs": [
        {
          "name": "apikey",
          "type": "STRING",
          "links": [
            103
          ]
        }
      ],
      "properties": {
        "aux_id": "T8mars/Comfyui-zhenzhen",
        "ver": "adf9e0f39de29353810237fad96984456739fff3",
        "Node name for S&R": "Comfly_api_set"
      },
      "widgets_values": [
        "zhenzhen",
        "",
        ""
      ]
    }
  ],
  "links": [
    [
      95,
      50,
      0,
      78,
      0,
      "IMAGE"
    ],
    [
      96,
      75,
      0,
      79,
      4,
      "STRING"
    ],
    [
      98,
      50,
      0,
      79,
      0,
      "IMAGE"
    ],
    [
      99,
      79,
      0,
      80,
      0,
      "VIDEO"
    ],
    [
      100,
      79,
      1,
      54,
      0,
      "*"
    ],
    [
      101,
      79,
      2,
      55,
      0,
      "*"
    ],
    [
      103,
      82,
      0,
      79,
      9,
      "STRING"
    ]
  ],
  "groups": [
    {
      "id": 1,
      "title": "B站，Youtube:T8star-Aix",
      "bounding": [
        1784.1668701171875,
        -392.10125732421875,
        2851.595947265625,
        355.8738098144531
      ],
      "color": "#3f789e",
      "font_size": 240,
      "flags": {}
    }
  ],
  "config": {},
  "extra": {
    "ds": {
      "scale": 1.0610764609500034,
      "offset": [
        -2506.2210279802093,
        126.63440929248554
      ]
    },
    "frontendVersion": "1.28.7",
    "links_added_by_ue": [],
    "VHS_KeepIntermediate": true,
    "ue_links": [],
    "VHS_MetadataImage": true,
    "0246.VERSION": [
      0,
      0,
      4
    ],
    "VHS_latentpreviewrate": 0,
    "VHS_latentpreview": true
  },
  "version": 0.4
}