{
  "id": "a6483b50-e907-479f-b6e6-b1a64e8bc4d1",
  "revision": 0,
  "last_node_id": 92,
  "last_link_id": 95,
  "nodes": [
    {
      "id": 77,
      "type": "easy showAnything",
      "pos": [
        5682.60546875,
        2279.04736328125
      ],
      "size": [
        402.2673034667969,
        141.43382263183594
      ],
      "flags": {},
      "order": 9,
      "mode": 0,
      "inputs": [
        {
          "label": "anything",
          "name": "anything",
          "shape": 7,
          "type": "*",
          "link": 85
        }
      ],
      "outputs": [
        {
          "label": "output",
          "name": "output",
          "type": "*"
        }
      ],
      "properties": {
        "cnr_id": "comfyui-easy-use",
        "ver": "1148fbe5fe0276780c56f0adfa22b96d5200d832",
        "Node name for S&R": "easy showAnything",
        "widget_ue_connectable": {},
        "ttNbgOverride": {
          "bgcolor": "#533",
          "groupcolor": "#A88",
          "color": "#322"
        }
      },
      "widgets_values": [
        "{\"status\": \"success\", \"task_id\": \"sora-2-pro:task_01k7tpg6s7fjkrkzadj3nkhp7v\", \"prompt\": \"\\u4e00\\u4e2a\\u957f\\u5f97\\u975e\\u5e38\\u7f8e\\u4e3d\\u7684\\u5973\\u5b69\\uff0c\\u7a7f\\u8d8a\\u5230\\u4e2d\\u56fd\\u4e1c\\u6c49\\u672b\\u5e74\\uff0c\\u548c\\u5218\\u5907\\uff0c\\u5f20\\u98de\\uff0c\\u5173\\u7fbd\\u6843\\u56ed\\u56db\\u7ed3\\u4e49\\u7684\\u6545\\u4e8b\", \"model\": \"sora-2-pro\", \"aspect_ratio\": \"9:16\", \"duration\": \"25\", \"hd\": false, \"video_url\": \"https://filesystem.site/cdn/20251018/2f3cba9bc7effad89a7334568b937f.mp4\"}"
      ],
      "color": "#322",
      "bgcolor": "#533"
    },
    {
      "id": 81,
      "type": "easy showAnything",
      "pos": [
        5669.11669921875,
        1975.1474609375
      ],
      "size": [
        430.6808776855469,
        224.9739532470703
      ],
      "flags": {},
      "order": 8,
      "mode": 0,
      "inputs": [
        {
          "label": "anything",
          "name": "anything",
          "shape": 7,
          "type": "*",
          "link": 87
        }
      ],
      "outputs": [
        {
          "label": "output",
          "name": "output",
          "type": "*"
        }
      ],
      "properties": {
        "cnr_id": "comfyui-easy-use",
        "ver": "1148fbe5fe0276780c56f0adfa22b96d5200d832",
        "Node name for S&R": "easy showAnything",
        "widget_ue_connectable": {},
        "ttNbgOverride": {
          "bgcolor": "#533",
          "groupcolor": "#A88",
          "color": "#322"
        }
      },
      "widgets_values": [
        "https://filesystem.site/cdn/20251018/2f3cba9bc7effad89a7334568b937f.mp4"
      ],
      "color": "#322",
      "bgcolor": "#533"
    },
    {
      "id": 84,
      "type": "Note",
      "pos": [
        6128.91064453125,
        1985.418212890625
      ],
      "size": [
        312.6282653808594,
        144.85118103027344
      ],
      "flags": {},
      "order": 0,
      "mode": 0,
      "inputs": [],
      "outputs": [],
      "properties": {
        "widget_ue_connectable": {}
      },
      "widgets_values": [
        "复制地址到浏览器打开就是视频"
      ],
      "color": "#432",
      "bgcolor": "#653"
    },
    {
      "id": 82,
      "type": "CR Prompt Text",
      "pos": [
        4478.814453125,
        1632.4088134765625
      ],
      "size": [
        400,
        200
      ],
      "flags": {},
      "order": 1,
      "mode": 0,
      "inputs": [
        {
          "label": "prompt",
          "name": "prompt",
          "type": "STRING",
          "widget": {
            "name": "prompt"
          }
        }
      ],
      "outputs": [
        {
          "label": "prompt",
          "name": "prompt",
          "type": "STRING",
          "links": [
            90
          ]
        },
        {
          "label": "show_help",
          "name": "show_help",
          "type": "STRING"
        }
      ],
      "properties": {
        "cnr_id": "ComfyUI_Comfyroll_CustomNodes",
        "ver": "d78b780ae43fcf8c6b7c6505e6ffb4584281ceca",
        "Node name for S&R": "CR Prompt Text",
        "widget_ue_connectable": {},
        "ttNbgOverride": {
          "bgcolor": "#533",
          "groupcolor": "#A88",
          "color": "#322"
        }
      },
      "widgets_values": [
        "一个长得非常美丽的女孩，穿越到中国东汉末年，和刘备，张飞，关羽桃园四结义的故事"
      ],
      "color": "#322",
      "bgcolor": "#533"
    },
    {
      "id": 78,
      "type": "Note",
      "pos": [
        4173.59326171875,
        2058.322509765625
      ],
      "size": [
        251.232666015625,
        123.35426330566406
      ],
      "flags": {},
      "order": 2,
      "mode": 0,
      "inputs": [],
      "outputs": [],
      "properties": {
        "widget_ue_connectable": {}
      },
      "widgets_values": [
        "https://ai.t8star.cn/ 获取API地址\n国庆期间，每个视频仅收取0.01元人民币\n\n注册送0.2，每日签到也送"
      ],
      "color": "#432",
      "bgcolor": "#653"
    },
    {
      "id": 79,
      "type": "Note",
      "pos": [
        4189.10498046875,
        1926.8642578125
      ],
      "size": [
        210,
        88
      ],
      "flags": {},
      "order": 3,
      "mode": 0,
      "inputs": [],
      "outputs": [],
      "properties": {
        "widget_ue_connectable": {}
      },
      "widgets_values": [
        "api key"
      ],
      "color": "#432",
      "bgcolor": "#653"
    },
    {
      "id": 85,
      "type": "SaveVideo",
      "pos": [
        5620.724609375,
        1519.96533203125
      ],
      "size": [
        474.7663269042969,
        961.2114868164062
      ],
      "flags": {},
      "order": 7,
      "mode": 0,
      "inputs": [
        {
          "label": "video",
          "name": "video",
          "type": "VIDEO",
          "link": 88
        },
        {
          "label": "filename_prefix",
          "name": "filename_prefix",
          "type": "STRING",
          "widget": {
            "name": "filename_prefix"
          }
        },
        {
          "label": "format",
          "name": "format",
          "type": "COMBO",
          "widget": {
            "name": "format"
          }
        },
        {
          "label": "codec",
          "name": "codec",
          "type": "COMBO",
          "widget": {
            "name": "codec"
          }
        }
      ],
      "outputs": [],
      "properties": {
        "cnr_id": "comfy-core",
        "ver": "0.3.65",
        "Node name for S&R": "SaveVideo",
        "widget_ue_connectable": {},
        "ttNbgOverride": {
          "bgcolor": "#533",
          "groupcolor": "#A88",
          "color": "#322"
        }
      },
      "widgets_values": [
        "video/ComfyUI",
        "auto",
        "auto"
      ],
      "color": "#322",
      "bgcolor": "#533"
    },
    {
      "id": 87,
      "type": "Comfly_sora2",
      "pos": [
        5060.53857421875,
        1564.546142578125
      ],
      "size": [
        400,
        316
      ],
      "flags": {},
      "order": 6,
      "mode": 0,
      "inputs": [
        {
          "label": "image1",
          "name": "image1",
          "shape": 7,
          "type": "IMAGE"
        },
        {
          "label": "image2",
          "name": "image2",
          "shape": 7,
          "type": "IMAGE"
        },
        {
          "label": "image3",
          "name": "image3",
          "shape": 7,
          "type": "IMAGE"
        },
        {
          "label": "image4",
          "name": "image4",
          "shape": 7,
          "type": "IMAGE"
        },
        {
          "label": "prompt",
          "name": "prompt",
          "type": "STRING",
          "widget": {
            "name": "prompt"
          },
          "link": 90
        },
        {
          "label": "model",
          "name": "model",
          "type": "COMBO",
          "widget": {
            "name": "model"
          }
        },
        {
          "label": "aspect_ratio",
          "name": "aspect_ratio",
          "type": "COMBO",
          "widget": {
            "name": "aspect_ratio"
          }
        },
        {
          "label": "duration",
          "name": "duration",
          "type": "COMBO",
          "widget": {
            "name": "duration"
          }
        },
        {
          "label": "hd",
          "name": "hd",
          "type": "BOOLEAN",
          "widget": {
            "name": "hd"
          }
        },
        {
          "label": "apikey",
          "name": "apikey",
          "type": "STRING",
          "widget": {
            "name": "apikey"
          },
          "link": 95
        },
        {
          "label": "seed",
          "name": "seed",
          "shape": 7,
          "type": "INT",
          "widget": {
            "name": "seed"
          }
        }
      ],
      "outputs": [
        {
          "label": "video",
          "name": "video",
          "type": "VIDEO",
          "links": [
            88
          ]
        },
        {
          "label": "video_url",
          "name": "video_url",
          "type": "STRING",
          "links": [
            87
          ]
        },
        {
          "label": "response",
          "name": "response",
          "type": "STRING",
          "links": [
            85
          ]
        }
      ],
      "properties": {
        "cnr_id": "Comfyui_Comfly",
        "ver": "c2e2b28a3804d396bc33bbe116f614d34d8f818f",
        "Node name for S&R": "Comfly_sora2",
        "aux_id": "ainewsto/Comfyui_Comfly_v2",
        "ue_properties": {
          "widget_ue_connectable": {},
          "input_ue_unconnectable": {}
        },
        "widget_ue_connectable": {
          "apikey": true
        },
        "ttNbgOverride": {
          "bgcolor": "#533",
          "groupcolor": "#A88",
          "color": "#322"
        }
      },
      "widgets_values": [
        "一个美丽的中国女孩，穿越到中国古代东汉末年赤壁大战的现场，拿着手机自拍杆做现场直播",
        "sora-2-pro",
        "9:16",
        "25",
        false,
        "",
        1520591406,
        "randomize"
      ],
      "color": "#322",
      "bgcolor": "#533"
    },
    {
      "id": 86,
      "type": "Note",
      "pos": [
        5095.078125,
        2075.62255859375
      ],
      "size": [
        413.864501953125,
        199.27297973632812
      ],
      "flags": {},
      "order": 4,
      "mode": 0,
      "inputs": [],
      "outputs": [],
      "properties": {
        "widget_ue_connectable": {}
      },
      "widgets_values": [
        "目前模型分为sora-2和sora-2-pro版\n\nsora-2 偶发性出水印，价格基准0.1RMB，不支持HD，可选10S和15S，支持横版竖版\nsora-2 Pro，无水印，基准价格1.7RMB，10S和15S支持HD，25S不支持HD，支持横版竖版\n\n务必注意25S不要和HD同时开！\n\n25S 大概需要30分钟\n15S HD大概需要20分钟\n10S 非HD大概5分钟左右\n15S 非HD大概10分钟左右\n\n由于并发压力不同，以上时间仅供参考"
      ],
      "color": "#432",
      "bgcolor": "#653"
    },
    {
      "id": 92,
      "type": "Comfly_api_set",
      "pos": [
        4513.061131182952,
        2001.2928603681858
      ],
      "size": [
        270,
        106
      ],
      "flags": {},
      "order": 5,
      "mode": 0,
      "inputs": [],
      "outputs": [
        {
          "name": "apikey",
          "type": "STRING",
          "links": [
            95
          ]
        }
      ],
      "properties": {
        "aux_id": "T8mars/Comfyui-zhenzhen",
        "ver": "adf9e0f39de29353810237fad96984456739fff3",
        "Node name for S&R": "Comfly_api_set"
      },
      "widgets_values": [
        "zhenzhen",
        "",
        ""
      ]
    }
  ],
  "links": [
    [
      85,
      87,
      2,
      77,
      0,
      "*"
    ],
    [
      87,
      87,
      1,
      81,
      0,
      "*"
    ],
    [
      88,
      87,
      0,
      85,
      0,
      "VIDEO"
    ],
    [
      90,
      82,
      0,
      87,
      4,
      "STRING"
    ],
    [
      95,
      92,
      0,
      87,
      9,
      "STRING"
    ]
  ],
  "groups": [
    {
      "id": 11,
      "title": "B站，Youtube:T8star-Aix",
      "bounding": [
        3580.0654296875,
        1125.4595947265625,
        2851.595947265625,
        355.8738098144531
      ],
      "color": "#3f789e",
      "font_size": 240,
      "flags": {}
    }
  ],
  "config": {},
  "extra": {
    "ds": {
      "scale": 1.4122927695244514,
      "offset": [
        -4294.81376887668,
        -1328.2958450364467
      ]
    },
    "links_added_by_ue": [],
    "ue_links": [],
    "0246.VERSION": [
      0,
      0,
      4
    ],
    "frontendVersion": "1.28.7",
    "VHS_latentpreview": true,
    "VHS_latentpreviewrate": 0,
    "VHS_MetadataImage": true,
    "VHS_KeepIntermediate": true
  },
  "version": 0.4
}