{
  "id": "00000000-0000-0000-0000-000000000000",
  "revision": 0,
  "last_node_id": 98,
  "last_link_id": 71,
  "nodes": [
    {
      "id": 86,
      "type": "SaveImage",
      "pos": [
        871.3642578125,
        184.54246520996094
      ],
      "size": [
        862.0704345703125,
        704.0177612304688
      ],
      "flags": {},
      "order": 8,
      "mode": 0,
      "inputs": [
        {
          "label": "images",
          "name": "images",
          "type": "IMAGE",
          "link": 68
        },
        {
          "label": "filename_prefix",
          "name": "filename_prefix",
          "type": "STRING",
          "widget": {
            "name": "filename_prefix"
          }
        }
      ],
      "outputs": [],
      "properties": {
        "cnr_id": "comfy-core",
        "ver": "0.3.52",
        "Node name for S&R": "SaveImage",
        "ue_properties": {
          "widget_ue_connectable": {
            "filename_prefix": true
          },
          "version": "7.0.1"
        },
        "widget_ue_connectable": {}
      },
      "widgets_values": [
        "ComfyUI"
      ]
    },
    {
      "id": 90,
      "type": "SaveImage",
      "pos": [
        874.544189453125,
        973.4893798828125
      ],
      "size": [
        1021.8271484375,
        771.1708374023438
      ],
      "flags": {},
      "order": 9,
      "mode": 0,
      "inputs": [
        {
          "label": "images",
          "name": "images",
          "type": "IMAGE",
          "link": 58
        },
        {
          "label": "filename_prefix",
          "name": "filename_prefix",
          "type": "STRING",
          "widget": {
            "name": "filename_prefix"
          }
        }
      ],
      "outputs": [],
      "properties": {
        "cnr_id": "comfy-core",
        "ver": "0.3.52",
        "Node name for S&R": "SaveImage",
        "ue_properties": {
          "widget_ue_connectable": {
            "filename_prefix": true
          },
          "version": "7.0.1"
        },
        "widget_ue_connectable": {}
      },
      "widgets_values": [
        "ComfyUI"
      ]
    },
    {
      "id": 89,
      "type": "ImageConcanate",
      "pos": [
        284.0806884765625,
        842.61572265625
      ],
      "size": [
        270,
        102
      ],
      "flags": {},
      "order": 7,
      "mode": 0,
      "inputs": [
        {
          "label": "image1",
          "name": "image1",
          "type": "IMAGE",
          "link": 56
        },
        {
          "label": "image2",
          "name": "image2",
          "type": "IMAGE",
          "link": 67
        },
        {
          "label": "direction",
          "name": "direction",
          "type": "COMBO",
          "widget": {
            "name": "direction"
          }
        },
        {
          "label": "match_image_size",
          "name": "match_image_size",
          "type": "BOOLEAN",
          "widget": {
            "name": "match_image_size"
          }
        }
      ],
      "outputs": [
        {
          "label": "IMAGE",
          "name": "IMAGE",
          "type": "IMAGE",
          "links": [
            58,
            63
          ]
        }
      ],
      "properties": {
        "cnr_id": "comfyui-kjnodes",
        "ver": "e2ce0843d1183aea86ce6a1617426f492dcdc802",
        "Node name for S&R": "ImageConcanate",
        "ue_properties": {
          "widget_ue_connectable": {
            "match_image_size": true,
            "direction": true
          },
          "version": "7.0.1"
        },
        "widget_ue_connectable": {}
      },
      "widgets_values": [
        "right",
        true
      ]
    },
    {
      "id": 94,
      "type": "CR Prompt Text",
      "pos": [
        -2392.060302734375,
        1325.387451171875
      ],
      "size": [
        400,
        200
      ],
      "flags": {},
      "order": 0,
      "mode": 0,
      "inputs": [
        {
          "label": "prompt",
          "name": "prompt",
          "type": "STRING",
          "widget": {
            "name": "prompt"
          }
        }
      ],
      "outputs": [
        {
          "label": "prompt",
          "name": "prompt",
          "type": "STRING",
          "links": [
            69
          ]
        },
        {
          "label": "show_help",
          "name": "show_help",
          "type": "STRING"
        }
      ],
      "properties": {
        "cnr_id": "ComfyUI_Comfyroll_CustomNodes",
        "ver": "d78b780ae43fcf8c6b7c6505e6ffb4584281ceca",
        "Node name for S&R": "CR Prompt Text",
        "widget_ue_connectable": {}
      },
      "widgets_values": [
        "让女人正对镜头，人物一致性保持不变"
      ]
    },
    {
      "id": 87,
      "type": "JWImageResizeByLongerSide",
      "pos": [
        -443.02945758632103,
        763.5592259196917
      ],
      "size": [
        283.5611267089844,
        82
      ],
      "flags": {},
      "order": 5,
      "mode": 0,
      "inputs": [
        {
          "label": "image",
          "name": "image",
          "type": "IMAGE",
          "link": 54
        },
        {
          "label": "size",
          "name": "size",
          "type": "INT",
          "widget": {
            "name": "size"
          }
        },
        {
          "label": "interpolation_mode",
          "name": "interpolation_mode",
          "type": "COMBO",
          "widget": {
            "name": "interpolation_mode"
          }
        }
      ],
      "outputs": [
        {
          "label": "IMAGE",
          "name": "IMAGE",
          "type": "IMAGE",
          "links": [
            56,
            66
          ]
        }
      ],
      "properties": {
        "cnr_id": "jameswalker-nodes",
        "ver": "5bd85aaf7616878471469c4ec7e11bbd0cef3bf2",
        "Node name for S&R": "JWImageResizeByLongerSide",
        "ue_properties": {
          "widget_ue_connectable": {
            "interpolation_mode": true,
            "size": true
          },
          "version": "7.0.1"
        },
        "widget_ue_connectable": {}
      },
      "widgets_values": [
        1024,
        "bicubic"
      ]
    },
    {
      "id": 85,
      "type": "LoadImage",
      "pos": [
        -2372.950439453125,
        830.2786865234375
      ],
      "size": [
        270,
        314
      ],
      "flags": {},
      "order": 1,
      "mode": 0,
      "inputs": [
        {
          "label": "image",
          "name": "image",
          "type": "COMBO",
          "widget": {
            "name": "image"
          }
        },
        {
          "label": "upload",
          "name": "upload",
          "type": "IMAGEUPLOAD",
          "widget": {
            "name": "upload"
          }
        }
      ],
      "outputs": [
        {
          "label": "IMAGE",
          "name": "IMAGE",
          "type": "IMAGE",
          "links": [
            54
          ]
        },
        {
          "label": "MASK",
          "name": "MASK",
          "type": "MASK"
        }
      ],
      "properties": {
        "cnr_id": "comfy-core",
        "ver": "0.3.52",
        "Node name for S&R": "LoadImage",
        "ue_properties": {
          "widget_ue_connectable": {
            "image": true,
            "upload": true
          },
          "version": "7.0.1"
        },
        "widget_ue_connectable": {}
      },
      "widgets_values": [
        "135EAEC2C3ED8561272BA4CC0C479C0A.jpg",
        "image"
      ]
    },
    {
      "id": 97,
      "type": "Comfly_nano_banana_edit",
      "pos": [
        -425.9775576601877,
        1100.4068382268351
      ],
      "size": [
        400,
        316
      ],
      "flags": {},
      "order": 6,
      "mode": 0,
      "inputs": [
        {
          "name": "image1",
          "shape": 7,
          "type": "IMAGE",
          "link": 66
        },
        {
          "name": "image2",
          "shape": 7,
          "type": "IMAGE",
          "link": null
        },
        {
          "name": "image3",
          "shape": 7,
          "type": "IMAGE",
          "link": null
        },
        {
          "name": "image4",
          "shape": 7,
          "type": "IMAGE",
          "link": null
        },
        {
          "name": "prompt",
          "type": "STRING",
          "widget": {
            "name": "prompt"
          },
          "link": 69
        },
        {
          "name": "apikey",
          "shape": 7,
          "type": "STRING",
          "widget": {
            "name": "apikey"
          },
          "link": 71
        }
      ],
      "outputs": [
        {
          "name": "image",
          "type": "IMAGE",
          "links": [
            67,
            68
          ]
        },
        {
          "name": "response",
          "type": "STRING",
          "links": null
        }
      ],
      "properties": {
        "cnr_id": "Comfyui_Comfly",
        "ver": "f855b02f331c44775850de2cdbf1163db6a26f29",
        "Node name for S&R": "Comfly_nano_banana_edit"
      },
      "widgets_values": [
        "",
        "img2img",
        "nano-banana",
        "16:9",
        "",
        "url",
        1398012332,
        "randomize"
      ]
    },
    {
      "id": 93,
      "type": "PreviewImage",
      "pos": [
        -264.5519446526044,
        1629.6199557139732
      ],
      "size": [
        844.9444580078125,
        564.54443359375
      ],
      "flags": {},
      "order": 10,
      "mode": 0,
      "inputs": [
        {
          "label": "images",
          "name": "images",
          "type": "IMAGE",
          "link": 63
        }
      ],
      "outputs": [],
      "properties": {
        "cnr_id": "comfy-core",
        "ver": "0.3.65",
        "Node name for S&R": "PreviewImage",
        "widget_ue_connectable": {}
      },
      "widgets_values": []
    },
    {
      "id": 91,
      "type": "Note",
      "pos": [
        -476.9918919978486,
        411.70452026207823
      ],
      "size": [
        675.9651489257812,
        284.64923095703125
      ],
      "flags": {},
      "order": 2,
      "mode": 0,
      "inputs": [],
      "outputs": [],
      "properties": {
        "ue_properties": {
          "widget_ue_connectable": {},
          "version": "7.0.1"
        },
        "widget_ue_connectable": {}
      },
      "widgets_values": [
        "\nAPI申请地址：https://ai.t8star.cn/\n注册送0.2美元\n\n注册后，点击左侧令牌，创建令牌，用Default分组，不要用跟随用户分组！！\n然后复制API到APIKEY即可\n\nComfyui调用API节点(支持本地部署)：https://github.com/T8mars/Comfyui-zhenzhen"
      ],
      "color": "#432",
      "bgcolor": "#653"
    },
    {
      "id": 96,
      "type": "Note",
      "pos": [
        -1800.8691739585367,
        1755.5229275010925
      ],
      "size": [
        675.9651489257812,
        284.64923095703125
      ],
      "flags": {},
      "order": 3,
      "mode": 0,
      "inputs": [],
      "outputs": [],
      "properties": {
        "ue_properties": {
          "widget_ue_connectable": {},
          "version": "7.0.1"
        },
        "widget_ue_connectable": {}
      },
      "widgets_values": [
        "模型用nano-banana即可\nHD模型暂时不可用\n支持分辨率选择"
      ],
      "color": "#432",
      "bgcolor": "#653"
    },
    {
      "id": 98,
      "type": "Comfly_api_set",
      "pos": [
        -2160.931617838521,
        1760.5268504297974
      ],
      "size": [
        270,
        106
      ],
      "flags": {},
      "order": 4,
      "mode": 0,
      "inputs": [],
      "outputs": [
        {
          "name": "apikey",
          "type": "STRING",
          "links": [
            71
          ]
        }
      ],
      "properties": {
        "aux_id": "T8mars/Comfyui-zhenzhen",
        "ver": "adf9e0f39de29353810237fad96984456739fff3",
        "Node name for S&R": "Comfly_api_set"
      },
      "widgets_values": [
        "zhenzhen",
        "",
        ""
      ]
    }
  ],
  "links": [
    [
      54,
      85,
      0,
      87,
      0,
      "IMAGE"
    ],
    [
      56,
      87,
      0,
      89,
      0,
      "IMAGE"
    ],
    [
      58,
      89,
      0,
      90,
      0,
      "IMAGE"
    ],
    [
      63,
      89,
      0,
      93,
      0,
      "IMAGE"
    ],
    [
      66,
      87,
      0,
      97,
      0,
      "IMAGE"
    ],
    [
      67,
      97,
      0,
      89,
      1,
      "IMAGE"
    ],
    [
      68,
      97,
      0,
      86,
      0,
      "IMAGE"
    ],
    [
      69,
      94,
      0,
      97,
      4,
      "STRING"
    ],
    [
      71,
      98,
      0,
      97,
      5,
      "STRING"
    ]
  ],
  "groups": [
    {
      "id": 7,
      "title": "B站、Youtube：T8star-Aix",
      "bounding": [
        -756.0153198242188,
        -386.59625244140625,
        3258.791259765625,
        393.88262939453125
      ],
      "color": "#3f789e",
      "font_size": 240,
      "flags": {}
    }
  ],
  "config": {},
  "extra": {
    "ds": {
      "scale": 0.5989500000000046,
      "offset": [
        2727.688811612413,
        -550.1604336918955
      ]
    },
    "frontendVersion": "1.28.7",
    "links_added_by_ue": [],
    "VHS_KeepIntermediate": true,
    "ue_links": [],
    "VHS_MetadataImage": true,
    "0246.VERSION": [
      0,
      0,
      4
    ],
    "VHS_latentpreviewrate": 0,
    "VHS_latentpreview": true
  },
  "version": 0.4
}