{
  "id": "60240853-23b3-4a6a-8699-956870f1aaf6",
  "revision": 0,
  "last_node_id": 22,
  "last_link_id": 10,
  "nodes": [
    {
      "id": 13,
      "type": "Note",
      "pos": [
        170.07501220703125,
        432.376953125
      ],
      "size": [
        210,
        88
      ],
      "flags": {},
      "order": 0,
      "mode": 0,
      "inputs": [],
      "outputs": [],
      "properties": {},
      "widgets_values": [
        "apikey"
      ],
      "color": "#432",
      "bgcolor": "#653"
    },
    {
      "id": 14,
      "type": "Note",
      "pos": [
        160.27633666992188,
        175.67494201660156
      ],
      "size": [
        210,
        88
      ],
      "flags": {},
      "order": 1,
      "mode": 0,
      "inputs": [],
      "outputs": [],
      "properties": {},
      "widgets_values": [
        "提示词"
      ],
      "color": "#432",
      "bgcolor": "#653"
    },
    {
      "id": 15,
      "type": "Note",
      "pos": [
        332.65093994140625,
        861.3802490234375
      ],
      "size": [
        210,
        88
      ],
      "flags": {},
      "order": 2,
      "mode": 0,
      "inputs": [],
      "outputs": [],
      "properties": {},
      "widgets_values": [
        "首帧"
      ],
      "color": "#432",
      "bgcolor": "#653"
    },
    {
      "id": 3,
      "type": "LoadImage",
      "pos": [
        553.61083984375,
        1185.7696533203125
      ],
      "size": [
        270,
        314
      ],
      "flags": {},
      "order": 3,
      "mode": 0,
      "inputs": [
        {
          "name": "image",
          "type": "COMBO",
          "widget": {
            "name": "image"
          }
        },
        {
          "name": "upload",
          "type": "IMAGEUPLOAD",
          "widget": {
            "name": "upload"
          }
        }
      ],
      "outputs": [
        {
          "label": "图像",
          "name": "IMAGE",
          "type": "IMAGE",
          "links": [
            2
          ]
        },
        {
          "label": "遮罩",
          "name": "MASK",
          "type": "MASK"
        }
      ],
      "properties": {
        "cnr_id": "comfy-core",
        "ver": "0.3.65",
        "Node name for S&R": "LoadImage",
        "widget_ue_connectable": {}
      },
      "widgets_values": [
        "f6043c05f89dbf743d97c3af5eb7ef59861f11157d4d4c1c2d584c976f5360ed.png",
        "image"
      ]
    },
    {
      "id": 12,
      "type": "Note",
      "pos": [
        1069.3031005859375,
        91.85015869140625
      ],
      "size": [
        675.9651489257812,
        284.64923095703125
      ],
      "flags": {},
      "order": 4,
      "mode": 0,
      "inputs": [],
      "outputs": [],
      "properties": {
        "ue_properties": {
          "widget_ue_connectable": {},
          "version": "7.0.1"
        },
        "widget_ue_connectable": {}
      },
      "widgets_values": [
        "\nAPI申请地址：https://ai.t8star.cn/\n注册送0.2美元\n\n注册后，点击左侧令牌，创建令牌，用Default分组，不要用跟随用户分组！！\n然后复制API到APIKEY即可\n\n如需本地使用，请安装节点：https://github.com/ainewsto/Comfyui_Comfly_v2"
      ],
      "color": "#432",
      "bgcolor": "#653"
    },
    {
      "id": 5,
      "type": "SaveVideo",
      "pos": [
        2272.198486328125,
        12.673771858215332
      ],
      "size": [
        1560.926513671875,
        2136.038330078125
      ],
      "flags": {},
      "order": 13,
      "mode": 0,
      "inputs": [
        {
          "label": "video",
          "name": "video",
          "type": "VIDEO",
          "link": 4
        },
        {
          "label": "filename_prefix",
          "name": "filename_prefix",
          "type": "STRING",
          "widget": {
            "name": "filename_prefix"
          }
        },
        {
          "label": "format",
          "name": "format",
          "type": "COMBO",
          "widget": {
            "name": "format"
          }
        },
        {
          "label": "codec",
          "name": "codec",
          "type": "COMBO",
          "widget": {
            "name": "codec"
          }
        }
      ],
      "outputs": [],
      "properties": {
        "cnr_id": "comfy-core",
        "ver": "0.3.65",
        "Node name for S&R": "SaveVideo",
        "widget_ue_connectable": {}
      },
      "widgets_values": [
        "video/ComfyUI",
        "auto",
        "auto"
      ]
    },
    {
      "id": 11,
      "type": "CR Prompt Text",
      "pos": [
        357.4178466796875,
        117.64027404785156
      ],
      "size": [
        400,
        200
      ],
      "flags": {},
      "order": 5,
      "mode": 0,
      "inputs": [
        {
          "name": "prompt",
          "type": "STRING",
          "widget": {
            "name": "prompt"
          }
        }
      ],
      "outputs": [
        {
          "label": "提示词文本",
          "name": "prompt",
          "type": "STRING",
          "links": [
            8
          ]
        },
        {
          "name": "show_help",
          "type": "STRING"
        }
      ],
      "properties": {
        "cnr_id": "ComfyUI_Comfyroll_CustomNodes",
        "ver": "d78b780ae43fcf8c6b7c6505e6ffb4584281ceca",
        "Node name for S&R": "CR Prompt Text",
        "widget_ue_connectable": {}
      },
      "widgets_values": [
        "把美丽的女人做成了手办"
      ]
    },
    {
      "id": 19,
      "type": "Note",
      "pos": [
        859.571533203125,
        425.2017822265625
      ],
      "size": [
        238.13829040527344,
        155.80166625976562
      ],
      "flags": {},
      "order": 6,
      "mode": 0,
      "inputs": [],
      "outputs": [],
      "properties": {},
      "widgets_values": [
        "关闭prompt optimizer，提示词响应会更准确，开启后会自动优化提示词"
      ],
      "color": "#432",
      "bgcolor": "#653"
    },
    {
      "id": 6,
      "type": "easy showAnything",
      "pos": [
        1804.7808837890625,
        350.43408203125
      ],
      "size": [
        210,
        88
      ],
      "flags": {},
      "order": 14,
      "mode": 0,
      "inputs": [
        {
          "label": "输入任何",
          "name": "anything",
          "shape": 7,
          "type": "*",
          "link": 5
        }
      ],
      "outputs": [
        {
          "name": "output",
          "type": "*"
        }
      ],
      "properties": {
        "cnr_id": "comfyui-easy-use",
        "ver": "a1b402b4a9c0ddd35c0ac1197579f8f7b121ff3e",
        "Node name for S&R": "easy showAnything",
        "widget_ue_connectable": {}
      },
      "widgets_values": [
        "307204407926941"
      ]
    },
    {
      "id": 7,
      "type": "easy showAnything",
      "pos": [
        1756.5560302734375,
        542.8900146484375
      ],
      "size": [
        286.2951354980469,
        183.6732177734375
      ],
      "flags": {},
      "order": 15,
      "mode": 0,
      "inputs": [
        {
          "label": "输入任何",
          "name": "anything",
          "shape": 7,
          "type": "*",
          "link": 6
        }
      ],
      "outputs": [
        {
          "name": "output",
          "type": "*"
        }
      ],
      "properties": {
        "cnr_id": "comfyui-easy-use",
        "ver": "a1b402b4a9c0ddd35c0ac1197579f8f7b121ff3e",
        "Node name for S&R": "easy showAnything",
        "widget_ue_connectable": {}
      },
      "widgets_values": [
        "{\"status\": \"success\", \"task_id\": \"307204407926941\", \"file_id\": \"307204916670760\", \"video_url\": \"https://public-cdn-video-data-algeng.oss-cn-wulanchabu.aliyuncs.com/inference_output%2Fvideo%2F2025-08-30%2Fdd8d8bd6-47c2-4793-b982-f2721c4c0286%2Foutput.mp4?Expires=1756586536&OSSAccessKeyId=LTAI5tAmwsjSaaZVA6cEFAUu&Signature=9cXU%2F4rC%2FiuGIaDauz3NNY15NKU%3D\", \"width\": 768, \"height\": 1068}"
      ]
    },
    {
      "id": 18,
      "type": "Note",
      "pos": [
        1031.5899658203125,
        1208.262939453125
      ],
      "size": [
        844.0020751953125,
        362.5229797363281
      ],
      "flags": {},
      "order": 7,
      "mode": 0,
      "inputs": [],
      "outputs": [],
      "properties": {},
      "widgets_values": [
        "模型说明：\n\nMiniMax-Hailuo-02\n新一代视频生成模型，更精准指令遵循，支持1080P、768P、512P多种分辨率视频；及6s、10s视频时长。\nT2V-01-Director\n文生视频模型（导演版），支持用户输入文本描述，进行视频生成。支持插入运镜指令，更精准控制视频镜头表现。\nI2V-01-Director\n图生视频模型（导演版），支持用户输入文本描述，及参考图片参考，进行视频生成。支持插入运镜指令，更精准控制视频镜头表现。\nI2V-01-live\n图生视频模型，本模型增强了对于卡通、漫画、手绘风格的表现。\nS2V-01\n主体参考视频生成模型，支持用户上传主体图片生成视频，生成视频，高效锁定并保持人面部特征，确保生成视频中的主体形象具有高度一致性。"
      ],
      "color": "#432",
      "bgcolor": "#653"
    },
    {
      "id": 17,
      "type": "Note",
      "pos": [
        1022.9583740234375,
        837.7404174804688
      ],
      "size": [
        813.843994140625,
        291.84002685546875
      ],
      "flags": {},
      "order": 8,
      "mode": 0,
      "inputs": [],
      "outputs": [],
      "properties": {},
      "widgets_values": [
        "支持15种运镜方式（枚举值）\n（1） 左右移：[左移]、[右移]\n（2）左右摇：[左摇]、[右摇]\n（3）推拉：[推进]、[拉远]\n（4）升降：[上升]、[下降]\n（5）上下摇：[上摇]、[下摇]\n（6）变焦：[变焦推近]、[变焦拉远]\n（7）晃动：[晃动]\n（8）跟随：[跟随]\n（9）固定：[固定]\n\nlast_frame_image\n支持参数组合：\n- prompt + first_frame_image + last_frame_image\n- first_frame_image + last_frame_image\n- prompt + first_frame_image\n- first_frame_image\n- prompt + last_frame_image\n- last_frame_image\n\nsubject_referencearray\n本参数仅当model选择为S2V-01时可用。模型将依据此参数中上传的主体来生成视频。目前仅支持单主体参考（数组长度为 1）"
      ],
      "color": "#432",
      "bgcolor": "#653"
    },
    {
      "id": 1,
      "type": "Comfly_MiniMax_video",
      "pos": [
        1184.880126953125,
        446.7612609863281
      ],
      "size": [
        400,
        320
      ],
      "flags": {},
      "order": 12,
      "mode": 0,
      "inputs": [
        {
          "label": "first_frame_image",
          "name": "first_frame_image",
          "shape": 7,
          "type": "IMAGE",
          "link": 1
        },
        {
          "label": "last_frame_image",
          "name": "last_frame_image",
          "shape": 7,
          "type": "IMAGE",
          "link": 2
        },
        {
          "label": "subject_reference",
          "name": "subject_reference",
          "shape": 7,
          "type": "IMAGE"
        },
        {
          "label": "prompt",
          "name": "prompt",
          "type": "STRING",
          "widget": {
            "name": "prompt"
          },
          "link": 8
        },
        {
          "label": "model",
          "name": "model",
          "type": "COMBO",
          "widget": {
            "name": "model"
          }
        },
        {
          "label": "duration",
          "name": "duration",
          "type": "COMBO",
          "widget": {
            "name": "duration"
          }
        },
        {
          "label": "resolution",
          "name": "resolution",
          "type": "COMBO",
          "widget": {
            "name": "resolution"
          }
        },
        {
          "label": "api_key",
          "name": "api_key",
          "shape": 7,
          "type": "STRING",
          "widget": {
            "name": "api_key"
          },
          "link": 10
        },
        {
          "label": "prompt_optimizer",
          "name": "prompt_optimizer",
          "shape": 7,
          "type": "BOOLEAN",
          "widget": {
            "name": "prompt_optimizer"
          }
        },
        {
          "label": "fast_pretreatment",
          "name": "fast_pretreatment",
          "shape": 7,
          "type": "BOOLEAN",
          "widget": {
            "name": "fast_pretreatment"
          }
        },
        {
          "label": "seed",
          "name": "seed",
          "shape": 7,
          "type": "INT",
          "widget": {
            "name": "seed"
          }
        }
      ],
      "outputs": [
        {
          "label": "video",
          "name": "video",
          "type": "VIDEO",
          "links": [
            4
          ]
        },
        {
          "label": "task_id",
          "name": "task_id",
          "type": "STRING",
          "links": [
            5
          ]
        },
        {
          "label": "response",
          "name": "response",
          "type": "STRING",
          "links": [
            6
          ]
        }
      ],
      "properties": {
        "cnr_id": "Comfyui_Comfly",
        "ver": "b3185506cac77694fb2130b2e6c978aaa5be111c",
        "Node name for S&R": "Comfly_MiniMax_video",
        "widget_ue_connectable": {}
      },
      "widgets_values": [
        "",
        "MiniMax-Hailuo-02",
        "6",
        "768P",
        "",
        false,
        false,
        1517952075,
        "randomize"
      ]
    },
    {
      "id": 2,
      "type": "LoadImage",
      "pos": [
        583.9153129717964,
        710.8498620676332
      ],
      "size": [
        270,
        314.0000305175781
      ],
      "flags": {},
      "order": 9,
      "mode": 0,
      "inputs": [
        {
          "name": "image",
          "type": "COMBO",
          "widget": {
            "name": "image"
          }
        },
        {
          "name": "upload",
          "type": "IMAGEUPLOAD",
          "widget": {
            "name": "upload"
          }
        }
      ],
      "outputs": [
        {
          "label": "图像",
          "name": "IMAGE",
          "type": "IMAGE",
          "links": [
            1
          ]
        },
        {
          "label": "遮罩",
          "name": "MASK",
          "type": "MASK"
        }
      ],
      "properties": {
        "cnr_id": "comfy-core",
        "ver": "0.3.65",
        "Node name for S&R": "LoadImage",
        "widget_ue_connectable": {}
      },
      "widgets_values": [
        "79cbc5d5513f99a33f8cc7e4f6f7e3476675478d0ff8b0643187c8a9e5986250.png",
        "image"
      ]
    },
    {
      "id": 16,
      "type": "Note",
      "pos": [
        261.28194184295995,
        1181.9928609535793
      ],
      "size": [
        210,
        88
      ],
      "flags": {},
      "order": 10,
      "mode": 0,
      "inputs": [],
      "outputs": [],
      "properties": {},
      "widgets_values": [
        "尾帧"
      ],
      "color": "#432",
      "bgcolor": "#653"
    },
    {
      "id": 22,
      "type": "Comfly_api_set",
      "pos": [
        493.69354830500413,
        408.30122596509324
      ],
      "size": [
        270,
        106
      ],
      "flags": {},
      "order": 11,
      "mode": 0,
      "inputs": [],
      "outputs": [
        {
          "name": "apikey",
          "type": "STRING",
          "links": [
            10
          ]
        }
      ],
      "properties": {
        "aux_id": "T8mars/Comfyui-zhenzhen",
        "ver": "adf9e0f39de29353810237fad96984456739fff3",
        "Node name for S&R": "Comfly_api_set"
      },
      "widgets_values": [
        "zhenzhen",
        "",
        ""
      ]
    }
  ],
  "links": [
    [
      1,
      2,
      0,
      1,
      0,
      "IMAGE"
    ],
    [
      2,
      3,
      0,
      1,
      1,
      "IMAGE"
    ],
    [
      4,
      1,
      0,
      5,
      0,
      "VIDEO"
    ],
    [
      5,
      1,
      1,
      6,
      0,
      "*"
    ],
    [
      6,
      1,
      2,
      7,
      0,
      "*"
    ],
    [
      8,
      11,
      0,
      1,
      3,
      "STRING"
    ],
    [
      10,
      22,
      0,
      1,
      7,
      "STRING"
    ]
  ],
  "groups": [
    {
      "id": 1,
      "title": "B站、Youtube：T8star-Aix",
      "bounding": [
        -353.9808349609375,
        -424.7069396972656,
        4168,
        309
      ],
      "color": "#3f789e",
      "font_size": 240,
      "flags": {}
    }
  ],
  "config": {},
  "extra": {
    "ds": {
      "scale": 0.9646149645000104,
      "offset": [
        207.11140250707325,
        72.51455878240633
      ]
    },
    "links_added_by_ue": [],
    "ue_links": [],
    "0246.VERSION": [
      0,
      0,
      4
    ],
    "frontendVersion": "1.28.7",
    "VHS_latentpreview": true,
    "VHS_latentpreviewrate": 0,
    "VHS_MetadataImage": true,
    "VHS_KeepIntermediate": true
  },
  "version": 0.4
}