{
  "id": "f9f18f5f-476e-44ec-bfef-759455f69a11",
  "revision": 0,
  "last_node_id": 26,
  "last_link_id": 26,
  "nodes": [
    {
      "id": 10,
      "type": "ShowText|pysssss",
      "pos": [
        516.880126953125,
        -64.20478820800781
      ],
      "size": [
        372.1260986328125,
        87.67584228515625
      ],
      "flags": {},
      "order": 3,
      "mode": 0,
      "inputs": [
        {
          "name": "text",
          "type": "STRING",
          "link": 14
        }
      ],
      "outputs": [
        {
          "name": "STRING",
          "shape": 6,
          "type": "STRING",
          "links": null
        }
      ],
      "properties": {
        "cnr_id": "comfyui-custom-scripts",
        "ver": "f2838ed5e59de4d73cde5c98354b87a8d3200190",
        "Node name for S&R": "ShowText|pysssss"
      },
      "widgets_values": []
    },
    {
      "id": 23,
      "type": "ShowText|pysssss",
      "pos": [
        521.4036254882812,
        -212.97837829589844
      ],
      "size": [
        360.48590087890625,
        72.04704284667969
      ],
      "flags": {},
      "order": 4,
      "mode": 0,
      "inputs": [
        {
          "name": "text",
          "type": "STRING",
          "link": 20
        }
      ],
      "outputs": [
        {
          "name": "STRING",
          "shape": 6,
          "type": "STRING",
          "slot_index": 0,
          "links": [
            23
          ]
        }
      ],
      "properties": {
        "cnr_id": "comfyui-custom-scripts",
        "ver": "f2838ed5e59de4d73cde5c98354b87a8d3200190",
        "Node name for S&R": "ShowText|pysssss"
      },
      "widgets_values": []
    },
    {
      "id": 9,
      "type": "ShowText|pysssss",
      "pos": [
        1444.631103515625,
        -190.37957763671875
      ],
      "size": [
        334.32611083984375,
        76
      ],
      "flags": {},
      "order": 7,
      "mode": 0,
      "inputs": [
        {
          "name": "text",
          "type": "STRING",
          "link": 6
        }
      ],
      "outputs": [
        {
          "name": "STRING",
          "shape": 6,
          "type": "STRING",
          "links": null
        }
      ],
      "properties": {
        "cnr_id": "comfyui-custom-scripts",
        "ver": "f2838ed5e59de4d73cde5c98354b87a8d3200190",
        "Node name for S&R": "ShowText|pysssss"
      },
      "widgets_values": [
        "ca4bc1e3-cb5a-4490-a479-7b9e054cb847"
      ]
    },
    {
      "id": 12,
      "type": "Comfly_kling_text2video",
      "pos": [
        508.3873596191406,
        100.78446960449219
      ],
      "size": [
        391.20001220703125,
        486
      ],
      "flags": {},
      "order": 1,
      "mode": 0,
      "inputs": [
        {
          "name": "api_key",
          "shape": 7,
          "type": "STRING",
          "widget": {
            "name": "api_key"
          },
          "link": 26
        }
      ],
      "outputs": [
        {
          "name": "video",
          "type": "VIDEO",
          "slot_index": 0,
          "links": [
            24
          ]
        },
        {
          "name": "video_url",
          "type": "STRING",
          "slot_index": 1,
          "links": [
            14
          ]
        },
        {
          "name": "task_id",
          "type": "STRING",
          "links": null
        },
        {
          "name": "video_id",
          "type": "STRING",
          "slot_index": 3,
          "links": [
            20
          ]
        },
        {
          "name": "response",
          "type": "STRING",
          "links": null
        }
      ],
      "properties": {
        "cnr_id": "Comfyui_Comfly",
        "ver": "b3185506cac77694fb2130b2e6c978aaa5be111c",
        "Node name for S&R": "Comfly_kling_text2video"
      },
      "widgets_values": [
        "一只粉色的猫在天上飞",
        "kling-v1",
        0.5,
        "1:1",
        "std",
        "5",
        1,
        "",
        1806499942,
        "randomize",
        "none",
        0,
        0
      ]
    },
    {
      "id": 24,
      "type": "SaveVideo",
      "pos": [
        1186.5476229439828,
        115.67249754222712
      ],
      "size": [
        270,
        106
      ],
      "flags": {},
      "order": 2,
      "mode": 0,
      "inputs": [
        {
          "name": "video",
          "type": "VIDEO",
          "link": 24
        }
      ],
      "outputs": [],
      "properties": {
        "cnr_id": "comfy-core",
        "ver": "0.3.65",
        "Node name for S&R": "SaveVideo"
      },
      "widgets_values": [
        "video/ComfyUI",
        "auto",
        "auto"
      ]
    },
    {
      "id": 7,
      "type": "Comfly_video_extend",
      "pos": [
        1003.2788696289062,
        -194.6882781982422
      ],
      "size": [
        318.736083984375,
        152
      ],
      "flags": {},
      "order": 5,
      "mode": 0,
      "inputs": [
        {
          "name": "video_id",
          "type": "STRING",
          "link": 23
        }
      ],
      "outputs": [
        {
          "name": "video",
          "type": "VIDEO",
          "slot_index": 0,
          "links": [
            25
          ]
        },
        {
          "name": "video_id",
          "type": "STRING",
          "slot_index": 1,
          "links": [
            6
          ]
        },
        {
          "name": "response",
          "type": "STRING",
          "links": null
        }
      ],
      "properties": {
        "cnr_id": "Comfyui_Comfly",
        "ver": "b3185506cac77694fb2130b2e6c978aaa5be111c",
        "Node name for S&R": "Comfly_video_extend"
      },
      "widgets_values": [
        "32b6cb35-1dbc-44d3-b1e8-494a70f1624e",
        ""
      ]
    },
    {
      "id": 25,
      "type": "SaveVideo",
      "pos": [
        1579.4769220384428,
        57.08662662603399
      ],
      "size": [
        270,
        106
      ],
      "flags": {},
      "order": 6,
      "mode": 0,
      "inputs": [
        {
          "name": "video",
          "type": "VIDEO",
          "link": 25
        }
      ],
      "outputs": [],
      "properties": {
        "cnr_id": "comfy-core",
        "ver": "0.3.65",
        "Node name for S&R": "SaveVideo"
      },
      "widgets_values": [
        "video/ComfyUI",
        "auto",
        "auto"
      ]
    },
    {
      "id": 26,
      "type": "Comfly_api_set",
      "pos": [
        129.09116724037415,
        302.0086479086398
      ],
      "size": [
        270,
        106
      ],
      "flags": {},
      "order": 0,
      "mode": 0,
      "inputs": [],
      "outputs": [
        {
          "name": "apikey",
          "type": "STRING",
          "links": [
            26
          ]
        }
      ],
      "properties": {
        "aux_id": "T8mars/Comfyui-zhenzhen",
        "ver": "adf9e0f39de29353810237fad96984456739fff3",
        "Node name for S&R": "Comfly_api_set"
      },
      "widgets_values": [
        "zhenzhen",
        "",
        ""
      ]
    }
  ],
  "links": [
    [
      6,
      7,
      1,
      9,
      0,
      "STRING"
    ],
    [
      14,
      12,
      1,
      10,
      0,
      "STRING"
    ],
    [
      20,
      12,
      3,
      23,
      0,
      "STRING"
    ],
    [
      23,
      23,
      0,
      7,
      0,
      "STRING"
    ],
    [
      24,
      12,
      0,
      24,
      0,
      "VIDEO"
    ],
    [
      25,
      7,
      0,
      25,
      0,
      "VIDEO"
    ],
    [
      26,
      26,
      0,
      12,
      0,
      "STRING"
    ]
  ],
  "groups": [],
  "config": {},
  "extra": {
    "ds": {
      "scale": 1.2100000000000006,
      "offset": [
        23.715314995873236,
        108.84709146418086
      ]
    },
    "frontendVersion": "1.28.7",
    "VHS_latentpreview": true,
    "VHS_latentpreviewrate": 0,
    "VHS_MetadataImage": true,
    "VHS_KeepIntermediate": true
  },
  "version": 0.4
}