{
  "id": "b75f71b7-f4a2-48f1-9653-44cea7205105",
  "revision": 0,
  "last_node_id": 18,
  "last_link_id": 22,
  "nodes": [
    {
      "id": 5,
      "type": "easy showAnything",
      "pos": [
        2230.36669921875,
        1486.42529296875
      ],
      "size": [
        210,
        88
      ],
      "flags": {},
      "order": 9,
      "mode": 0,
      "inputs": [
        {
          "label": "anything",
          "name": "anything",
          "shape": 7,
          "type": "*",
          "link": 21
        }
      ],
      "outputs": [
        {
          "label": "output",
          "name": "output",
          "type": "*"
        }
      ],
      "properties": {
        "Node name for S&R": "easy showAnything",
        "cnr_id": "comfyui-easy-use",
        "ver": "a1b402b4a9c0ddd35c0ac1197579f8f7b121ff3e",
        "widget_ue_connectable": {},
        "ttNbgOverride": {
          "bgcolor": "#593930",
          "groupcolor": "#b06634",
          "color": "#332922"
        }
      },
      "widgets_values": [
        "892672910118940672"
      ],
      "color": "#332922",
      "bgcolor": "#593930"
    },
    {
      "id": 1,
      "type": "easy showAnything",
      "pos": [
        2231.587646484375,
        1333.4783935546875
      ],
      "size": [
        210,
        88
      ],
      "flags": {},
      "order": 8,
      "mode": 0,
      "inputs": [
        {
          "label": "anything",
          "name": "anything",
          "shape": 7,
          "type": "*",
          "link": 20
        }
      ],
      "outputs": [
        {
          "label": "output",
          "name": "output",
          "type": "*",
          "links": []
        }
      ],
      "properties": {
        "Node name for S&R": "easy showAnything",
        "cnr_id": "comfyui-easy-use",
        "ver": "a1b402b4a9c0ddd35c0ac1197579f8f7b121ff3e",
        "widget_ue_connectable": {},
        "ttNbgOverride": {
          "bgcolor": "#593930",
          "groupcolor": "#b06634",
          "color": "#332922"
        }
      },
      "widgets_values": [
        "https://prod-ss-vidu.s3.cn-northwest-1.amazonaws.com.cn/infer/tasks/25/1130/11/892672910118940672/creation-01/video.mp4?X-Amz-Algorithm=AWS4-HMAC-SHA256&X-Amz-Credential=AKIARRHG6JR7EMNHVUWT%2F20251130%2Fcn-northwest-1%2Fs3%2Faws4_request&X-Amz-Date=20251130T111614Z&X-Amz-Expires=86400&X-Amz-SignedHeaders=host&response-cache-control=max-age%3D86400&response-content-disposition=attachment%3Bfilename%3Dgeneral-6-2025-11-30T11%253A15%253A54Z.mp4&x-id=GetObject&X-Amz-Signature=e9d9a2fca39f8f13eb30a5f38a07b72e3263bb27640350b07f2c42a65c370816"
      ],
      "color": "#332922",
      "bgcolor": "#593930"
    },
    {
      "id": 17,
      "type": "easy showAnything",
      "pos": [
        2230.111572265625,
        1653.6163330078125
      ],
      "size": [
        210,
        88
      ],
      "flags": {},
      "order": 10,
      "mode": 0,
      "inputs": [
        {
          "label": "anything",
          "name": "anything",
          "shape": 7,
          "type": "*",
          "link": 22
        }
      ],
      "outputs": [
        {
          "label": "output",
          "name": "output",
          "type": "*"
        }
      ],
      "properties": {
        "Node name for S&R": "easy showAnything",
        "cnr_id": "comfyui-easy-use",
        "ver": "a1b402b4a9c0ddd35c0ac1197579f8f7b121ff3e",
        "widget_ue_connectable": {},
        "ttNbgOverride": {
          "bgcolor": "#593930",
          "groupcolor": "#b06634",
          "color": "#332922"
        }
      },
      "widgets_values": [
        "{\"status\": \"success\", \"task_id\": \"892672910118940672\", \"video_url\": \"https://prod-ss-vidu.s3.cn-northwest-1.amazonaws.com.cn/infer/tasks/25/1130/11/892672910118940672/creation-01/video.mp4?X-Amz-Algorithm=AWS4-HMAC-SHA256&X-Amz-Credential=AKIARRHG6JR7EMNHVUWT%2F20251130%2Fcn-northwest-1%2Fs3%2Faws4_request&X-Amz-Date=20251130T111614Z&X-Amz-Expires=86400&X-Amz-SignedHeaders=host&response-cache-control=max-age%3D86400&response-content-disposition=attachment%3Bfilename%3Dgeneral-6-2025-11-30T11%253A15%253A54Z.mp4&x-id=GetObject&X-Amz-Signature=e9d9a2fca39f8f13eb30a5f38a07b72e3263bb27640350b07f2c42a65c370816\", \"model\": \"viduq2\", \"duration\": 5, \"resolution\": \"720p\", \"aspect_ratio\": \"16:9\", \"seed\": 1393346656}"
      ],
      "color": "#332922",
      "bgcolor": "#593930"
    },
    {
      "id": 4,
      "type": "SaveVideo",
      "pos": [
        2466.690673828125,
        1316.73193359375
      ],
      "size": [
        488.2789001464844,
        514.755615234375
      ],
      "flags": {},
      "order": 7,
      "mode": 0,
      "inputs": [
        {
          "label": "video",
          "name": "video",
          "type": "VIDEO",
          "link": 19
        },
        {
          "label": "filename_prefix",
          "name": "filename_prefix",
          "type": "STRING",
          "widget": {
            "name": "filename_prefix"
          }
        },
        {
          "label": "format",
          "name": "format",
          "type": "COMBO",
          "widget": {
            "name": "format"
          }
        },
        {
          "label": "codec",
          "name": "codec",
          "type": "COMBO",
          "widget": {
            "name": "codec"
          }
        }
      ],
      "outputs": [],
      "properties": {
        "Node name for S&R": "SaveVideo",
        "cnr_id": "comfy-core",
        "ver": "0.3.65",
        "widget_ue_connectable": {}
      },
      "widgets_values": [
        "video/ComfyUI",
        "auto",
        "auto"
      ]
    },
    {
      "id": 3,
      "type": "Note",
      "pos": [
        2218.424072265625,
        1145.5548095703125
      ],
      "size": [
        210,
        88
      ],
      "flags": {},
      "order": 0,
      "mode": 0,
      "inputs": [],
      "outputs": [],
      "properties": {
        "widget_ue_connectable": {}
      },
      "widgets_values": [
        "如果预览视频节点没出视频，可以再下面SHOWANYTHING那里，有地址"
      ],
      "color": "#432",
      "bgcolor": "#653"
    },
    {
      "id": 9,
      "type": "Note",
      "pos": [
        502.6195373535156,
        1632.8043212890625
      ],
      "size": [
        559.0477905273438,
        228.00534057617188
      ],
      "flags": {},
      "order": 1,
      "mode": 0,
      "inputs": [],
      "outputs": [],
      "properties": {
        "widget_ue_connectable": {}
      },
      "widgets_values": [
        "\nAPI申请地址：https://ai.t8star.cn/register?aff=dP7j\n注册送0.2美元\n\n\n注册后，点击左侧令牌，创建令牌，用Default分组，不要用跟随用户分组！！\n然后复制API到APIKEY即可\n\nComfyui调用API节点(支持本地部署)：https://github.com/T8mars/Comfyui-zhenzhen\n\n"
      ],
      "color": "#432",
      "bgcolor": "#653"
    },
    {
      "id": 6,
      "type": "Note",
      "pos": [
        707.9002685546875,
        1361.3828125
      ],
      "size": [
        210,
        88
      ],
      "flags": {},
      "order": 2,
      "mode": 0,
      "inputs": [],
      "outputs": [],
      "properties": {
        "widget_ue_connectable": {}
      },
      "widgets_values": [
        "prompt"
      ],
      "color": "#432",
      "bgcolor": "#653"
    },
    {
      "id": 12,
      "type": "CR Prompt Text",
      "pos": [
        999.0911254882812,
        1354.7607421875
      ],
      "size": [
        400,
        200
      ],
      "flags": {},
      "order": 3,
      "mode": 0,
      "inputs": [
        {
          "label": "prompt",
          "name": "prompt",
          "type": "STRING",
          "widget": {
            "name": "prompt"
          }
        }
      ],
      "outputs": [
        {
          "label": "prompt",
          "name": "prompt",
          "type": "STRING",
          "links": [
            17
          ]
        },
        {
          "label": "show_help",
          "name": "show_help",
          "type": "STRING"
        }
      ],
      "properties": {
        "Node name for S&R": "CR Prompt Text",
        "cnr_id": "ComfyUI_Comfyroll_CustomNodes",
        "ver": "d78b780ae43fcf8c6b7c6505e6ffb4584281ceca",
        "widget_ue_connectable": {}
      },
      "widgets_values": [
        "美丽的韩国女人在跳街舞"
      ]
    },
    {
      "id": 18,
      "type": "Comfly_vidu_text2video",
      "pos": [
        1545.817138671875,
        1700.8857421875
      ],
      "size": [
        400,
        460
      ],
      "flags": {},
      "order": 6,
      "mode": 0,
      "inputs": [
        {
          "label": "prompt",
          "name": "prompt",
          "type": "STRING",
          "widget": {
            "name": "prompt"
          },
          "link": 17
        },
        {
          "label": "api_key",
          "name": "api_key",
          "shape": 7,
          "type": "STRING",
          "widget": {
            "name": "api_key"
          },
          "link": 18
        }
      ],
      "outputs": [
        {
          "label": "video",
          "name": "video",
          "type": "VIDEO",
          "links": [
            19
          ]
        },
        {
          "label": "video_url",
          "name": "video_url",
          "type": "STRING",
          "links": [
            20
          ]
        },
        {
          "label": "task_id",
          "name": "task_id",
          "type": "STRING",
          "links": [
            21
          ]
        },
        {
          "label": "response",
          "name": "response",
          "type": "STRING",
          "links": [
            22
          ]
        }
      ],
      "properties": {
        "widget_ue_connectable": {},
        "Node name for S&R": "Comfly_vidu_text2video"
      },
      "widgets_values": [
        "",
        "viduq2",
        "",
        "general",
        5,
        646232024,
        "randomize",
        "16:9",
        "720p",
        "auto",
        false,
        false,
        false,
        3
      ]
    },
    {
      "id": 8,
      "type": "Note",
      "pos": [
        1486.234619140625,
        1221.1881103515625
      ],
      "size": [
        548.9761352539062,
        298.6236267089844
      ],
      "flags": {},
      "order": 4,
      "mode": 0,
      "inputs": [],
      "outputs": [],
      "title": "价格计算方式",
      "properties": {
        "widget_ue_connectable": {}
      },
      "widgets_values": [
        "vidu是按照官方积分计费的，比如默认的图生视频，720P，5秒，模型Vidu q2\n\n实际消费官方VIDU 35积分，每vidu积分等于0.02813贞贞积分，所以总费用是35*0.2813≈0.9844贞贞积分\n"
      ],
      "color": "#432",
      "bgcolor": "#653"
    },
    {
      "id": 14,
      "type": "Comfly_api_set",
      "pos": [
        1117.957275390625,
        1667.5716552734375
      ],
      "size": [
        270,
        106
      ],
      "flags": {},
      "order": 5,
      "mode": 0,
      "inputs": [
        {
          "label": "api_base",
          "name": "api_base",
          "type": "COMBO",
          "widget": {
            "name": "api_base"
          }
        },
        {
          "label": "apikey",
          "name": "apikey",
          "type": "STRING",
          "widget": {
            "name": "apikey"
          }
        },
        {
          "label": "custom_ip",
          "name": "custom_ip",
          "shape": 7,
          "type": "STRING",
          "widget": {
            "name": "custom_ip"
          }
        }
      ],
      "outputs": [
        {
          "label": "apikey",
          "name": "apikey",
          "type": "STRING",
          "links": [
            18
          ]
        }
      ],
      "properties": {
        "Node name for S&R": "Comfly_api_set",
        "widget_ue_connectable": {}
      },
      "widgets_values": [
        "zhenzhen",
        "",
        ""
      ]
    }
  ],
  "links": [
    [
      17,
      12,
      0,
      18,
      0,
      "STRING"
    ],
    [
      18,
      14,
      0,
      18,
      1,
      "STRING"
    ],
    [
      19,
      18,
      0,
      4,
      0,
      "VIDEO"
    ],
    [
      20,
      18,
      1,
      1,
      0,
      "*"
    ],
    [
      21,
      18,
      2,
      5,
      0,
      "*"
    ],
    [
      22,
      18,
      3,
      17,
      0,
      "*"
    ]
  ],
  "groups": [
    {
      "id": 1,
      "title": "B站、Youtube：T8star-Aix",
      "bounding": [
        476.8347473144531,
        708.3858642578125,
        4168,
        309
      ],
      "color": "#3f789e",
      "font_size": 240,
      "flags": {}
    }
  ],
  "config": {},
  "extra": {
    "links_added_by_ue": [],
    "ue_links": [],
    "0246.VERSION": [
      0,
      0,
      4
    ],
    "ds": {
      "scale": 0.7247295000000011,
      "offset": [
        -438.10195947008026,
        -828.7656798229672
      ]
    },
    "frontendVersion": "1.23.0",
    "VHS_latentpreview": false,
    "VHS_latentpreviewrate": 0,
    "VHS_MetadataImage": true,
    "VHS_KeepIntermediate": true
  },
  "version": 0.4
}